image_path,class_label,attributes,caption,instance_id,Unnamed: 5
DL_Group_4/cleaning_broom_cleaning_broom_0001.jpg,cleaning_broom,color:brown;material:plastic;condition:used;size:medium,a used medium brown plastic cleaning broom,cleaning_broom_0001,
DL_Group_4/cleaning_broom_cleaning_broom_0002.jpg,cleaning_broom,color:brown;material:plastic;condition:used;size:medium,a used medium brown plastic cleaning broom,cleaning_broom_0002,
DL_Group_4/cleaning_broom_cleaning_broom_0003.jpg,cleaning_broom,color:brown;material:plastic;condition:used;size:medium,a used medium brown plastic cleaning broom,cleaning_broom_0003,
DL_Group_4/cleaning_broom_cleaning_broom_0004.jpg,cleaning_broom,color:brown;material:plastic;condition:used;size:medium,a used medium brown plastic cleaning broom,cleaning_broom_0004,
DL_Group_4/cleaning_broom_cleaning_broom_0005.jpg,cleaning_broom,color:brown;material:plastic;condition:used;size:medium,a used medium brown plastic cleaning broom,cleaning_broom_0005,
DL_Group_4/cleaning_cleaning cloth_cleaning_cleaning_cloth_0001.jpg,cleaning_cleaning_cloth,color:white;material:cotton;condition:used;size:medium,a used medium white cotton cleaning cloth,cleaning_cleaning_cloth_0001,
DL_Group_4/cleaning_cleaning cloth_cleaning_cleaning_cloth_0002.jpg,cleaning_cleaning_cloth,color:white;material:cotton;condition:used;size:medium,a used medium white cotton cleaning cloth,cleaning_cleaning_cloth_0002,
DL_Group_4/cleaning_cleaning cloth_cleaning_cleaning_cloth_0003.jpg,cleaning_cleaning_cloth,color:white;material:cotton;condition:used;size:medium,a used medium white cotton cleaning cloth,cleaning_cleaning_cloth_0003,
DL_Group_4/cleaning_cleaning cloth_cleaning_cleaning_cloth_0004.jpg,cleaning_cleaning_cloth,color:white;material:cotton;condition:used;size:medium,a used medium white cotton cleaning cloth,cleaning_cleaning_cloth_0004,
DL_Group_4/cleaning_cleaning cloth_cleaning_cleaning_cloth_0005.jpg,cleaning_cleaning_cloth,color:white;material:cotton;condition:used;size:medium,a used medium white cotton cleaning cloth,cleaning_cleaning_cloth_0005,
DL_Group_4/cleaning_dirt picker_cleaning_dirt_picker_0001.jpg,cleaning_dirt_picker,color:blue;material:plastic;condition:used;size:medium,a used medium blue plastic dirt picker,cleaning_dirt_picker_0001,
DL_Group_4/cleaning_dirt picker_cleaning_dirt_picker_0002.jpg,cleaning_dirt_picker,color:blue;material:plastic;condition:used;size:medium,a used medium blue plastic dirt picker,cleaning_dirt_picker_0002,
DL_Group_4/cleaning_dirt picker_cleaning_dirt_picker_0003.jpg,cleaning_dirt_picker,color:blue;material:plastic;condition:used;size:medium,a used medium blue plastic dirt picker,cleaning_dirt_picker_0003,
DL_Group_4/cleaning_dirt picker_cleaning_dirt_picker_0004.jpg,cleaning_dirt_picker,color:blue;material:plastic;condition:used;size:medium,a used medium blue plastic dirt picker,cleaning_dirt_picker_0004,
DL_Group_4/cleaning_dirt picker_cleaning_dirt_picker_0005.jpg,cleaning_dirt_picker,color:blue;material:plastic;condition:used;size:medium,a used medium blue plastic dirt picker,cleaning_dirt_picker_0005,
DL_Group_4/cleaning_dustbin_cleaning_dustbin_0001.jpg,cleaning_dustbin,color:purple;material:plastic;condition:used;size:medium,a used medium purple plastic dustbin,cleaning_dustbin_0001,
DL_Group_4/cleaning_dustbin_cleaning_dustbin_0002.jpg,cleaning_dustbin,color:purple;material:plastic;condition:used;size:medium,a used medium purple plastic dustbin,cleaning_dustbin_0002,
DL_Group_4/cleaning_dustbin_cleaning_dustbin_0003.jpg,cleaning_dustbin,color:purple;material:plastic;condition:used;size:medium,a used medium purple plastic dustbin,cleaning_dustbin_0003,
DL_Group_4/cleaning_dustbin_cleaning_dustbin_0004.jpg,cleaning_dustbin,color:purple;material:plastic;condition:used;size:medium,a used medium purple plastic dustbin,cleaning_dustbin_0004,
DL_Group_4/cleaning_dustbin_cleaning_dustbin_0005.jpg,cleaning_dustbin,color:purple;material:plastic;condition:used;size:medium,a used medium purple plastic dustbin,cleaning_dustbin_0005,
DL_Group_4/cleaning_glass cleaner_cleaning_glass_cleaner_0001.jpg,cleaning_glass_cleaner,color:blue;material:plastic;condition:new;size:large,a large blue plastic cleaning glass cleaner with new condition,cleaning_glass_cleaner_0001,
DL_Group_4/cleaning_glass cleaner_cleaning_glass_cleaner_0002.jpg,cleaning_glass_cleaner,color:blue;material:plastic;condition:new;size:large,a large blue plastic cleaning glass cleaner with new condition,cleaning_glass_cleaner_0002,
DL_Group_4/cleaning_glass cleaner_cleaning_glass_cleaner_0003.jpg,cleaning_glass_cleaner,color:blue;material:plastic;condition:new;size:large,a large blue plastic cleaning glass cleaner with new condition,cleaning_glass_cleaner_0003,
DL_Group_4/cleaning_glass cleaner_cleaning_glass_cleaner_0004.jpg,cleaning_glass_cleaner,color:blue;material:plastic;condition:new;size:large,a large blue plastic cleaning glass cleaner with new condition,cleaning_glass_cleaner_0004,
DL_Group_4/cleaning_glass cleaner_cleaning_glass_cleaner_0005.jpg,cleaning_glass_cleaner,color:blue;material:plastic;condition:new;size:large,a large blue plastic cleaning glass cleaner with new condition,cleaning_glass_cleaner_0005,
DL_Group_4/cleaning_gloves_cleaning_gloves_0001.jpg,cleaning_gloves,color:pink;material:rubber;condition:used;size:medium,used pink rubber cleaning gloves of medium size,cleaning_gloves_0001,
DL_Group_4/cleaning_gloves_cleaning_gloves_0002.jpg,cleaning_gloves,color:pink;material:rubber;condition:used;size:medium,used pink rubber cleaning gloves of medium size,cleaning_gloves_0002,
DL_Group_4/cleaning_gloves_cleaning_gloves_0003.jpg,cleaning_gloves,color:pink;material:rubber;condition:used;size:medium,used pink rubber cleaning gloves of medium size,cleaning_gloves_0003,
DL_Group_4/cleaning_gloves_cleaning_gloves_0004.jpg,cleaning_gloves,color:pink;material:rubber;condition:used;size:medium,used pink rubber cleaning gloves of medium size,cleaning_gloves_0004,
DL_Group_4/cleaning_gloves_cleaning_gloves_0005.jpg,cleaning_gloves,color:pink;material:rubber;condition:used;size:medium,used pink rubber cleaning gloves of medium size,cleaning_gloves_0005,
DL_Group_4/cleaning_harpic_cleaning_harpic_0001.jpg,cleaning_harpic,color:blue;material:plastic;condition:used;size:medium,a medium blue harpic with used condition,cleaning_harpic_0001,
DL_Group_4/cleaning_harpic_cleaning_harpic_0002.jpg,cleaning_harpic,color:blue;material:plastic;condition:used;size:medium,a medium blue harpic with used condition,cleaning_harpic_0002,
DL_Group_4/cleaning_harpic_cleaning_harpic_0003.jpg,cleaning_harpic,color:blue;material:plastic;condition:used;size:medium,a medium blue harpic with used condition,cleaning_harpic_0003,
DL_Group_4/cleaning_harpic_cleaning_harpic_0004.jpg,cleaning_harpic,color:blue;material:plastic;condition:used;size:medium,a medium blue harpic with used condition,cleaning_harpic_0004,
DL_Group_4/cleaning_harpic_cleaning_harpic_0005.jpg,cleaning_harpic,color:blue;material:plastic;condition:used;size:medium,a medium blue harpic with used condition,cleaning_harpic_0005,
DL_Group_4/cleaning_mop_cleaning_mop_0001.jpg,cleaning_mop,color:silver;material:metal;condition:used;size:large,a used large silver metal cleaning mop,cleaning_mop_0001,
DL_Group_4/cleaning_mop_cleaning_mop_0002.jpg,cleaning_mop,color:silver;material:metal;condition:used;size:large,a used large silver metal cleaning mop,cleaning_mop_0002,
DL_Group_4/cleaning_mop_cleaning_mop_0003.jpg,cleaning_mop,color:silver;material:metal;condition:used;size:large,a used large silver metal cleaning mop,cleaning_mop_0003,
DL_Group_4/cleaning_mop_cleaning_mop_0004.jpg,cleaning_mop,color:silver;material:metal;condition:used;size:large,a used large silver metal cleaning mop,cleaning_mop_0004,
DL_Group_4/cleaning_mop_cleaning_mop_0005.jpg,cleaning_mop,color:silver;material:metal;condition:used;size:large,a used large silver metal cleaning mop,cleaning_mop_0005,
DL_Group_4/cleaning_sponge_cleaning_sponge_0001.jpg,cleaning_sponge,color:yellow;material:sponge;condition:used;size:small,a used yellow sponge of small size,cleaning_sponge_0001,
DL_Group_4/cleaning_sponge_cleaning_sponge_0002.jpg,cleaning_sponge,color:yellow;material:sponge;condition:used;size:small,a used yellow sponge of small size,cleaning_sponge_0002,
DL_Group_4/cleaning_sponge_cleaning_sponge_0003.jpg,cleaning_sponge,color:yellow;material:sponge;condition:used;size:small,a used yellow sponge of small size,cleaning_sponge_0003,
DL_Group_4/cleaning_sponge_cleaning_sponge_0004.jpg,cleaning_sponge,color:yellow;material:sponge;condition:used;size:small,a used yellow sponge of small size,cleaning_sponge_0004,
DL_Group_4/cleaning_sponge_cleaning_sponge_0005.jpg,cleaning_sponge,color:yellow;material:sponge;condition:used;size:small,a used yellow sponge of small size,cleaning_sponge_0005,
DL_Group_4/cleaning_tissues_cleaning_tissues_0001.jpg,cleaning_tissues,color:white;material:paper;condition:new;size:small,a new white colored tissue with small size,cleaning_tissues_0001,
DL_Group_4/cleaning_tissues_cleaning_tissues_0002.jpg,cleaning_tissues,color:white;material:paper;condition:new;size:small,a new white colored tissue with small size,cleaning_tissues_0002,
DL_Group_4/cleaning_tissues_cleaning_tissues_0003.jpg,cleaning_tissues,color:white;material:paper;condition:new;size:small,a new white colored tissue with small size,cleaning_tissues_0003,
DL_Group_4/cleaning_tissues_cleaning_tissues_0004.jpg,cleaning_tissues,color:white;material:paper;condition:new;size:small,a new white colored tissue with small size,cleaning_tissues_0004,
DL_Group_4/cleaning_tissues_cleaning_tissues_0005.jpg,cleaning_tissues,color:white;material:paper;condition:new;size:small,a new white colored tissue with small size,cleaning_tissues_0005,
DL_Group_4/cleaning_wet wipes_cleaning_wet_wipes_0001.jpg,cleaning_wet_wipes,color:green;material:plastic;condition:used;size:medium,used green colored wet wipes with plain pattern,cleaning_wet_wipes_0001,
DL_Group_4/cleaning_wet wipes_cleaning_wet_wipes_0002.jpg,cleaning_wet_wipes,color:green;material:plastic;condition:used;size:medium,used green colored wet wipes with plain pattern,cleaning_wet_wipes_0002,
DL_Group_4/cleaning_wet wipes_cleaning_wet_wipes_0003.jpg,cleaning_wet_wipes,color:green;material:plastic;condition:used;size:medium,used green colored wet wipes with plain pattern,cleaning_wet_wipes_0003,
DL_Group_4/cleaning_wet wipes_cleaning_wet_wipes_0004.jpg,cleaning_wet_wipes,color:green;material:plastic;condition:used;size:medium,used green colored wet wipes with plain pattern,cleaning_wet_wipes_0004,
DL_Group_4/cleaning_wet wipes_cleaning_wet_wipes_0005.jpg,cleaning_wet_wipes,color:green;material:plastic;condition:used;size:medium,used green colored wet wipes with plain pattern,cleaning_wet_wipes_0005,
DL_Group_4/cleaning_wiper_cleaning_wiper_0001.jpg,cleaning_wiper,color:silver;material:metal;condition:used;size:large,a used large silver metal cleaning wiper,cleaning_wiper_0001,
DL_Group_4/cleaning_wiper_cleaning_wiper_0002.jpg,cleaning_wiper,color:silver;material:metal;condition:used;size:large,a used large silver metal cleaning wiper,cleaning_wiper_0002,
DL_Group_4/cleaning_wiper_cleaning_wiper_0003.jpg,cleaning_wiper,color:silver;material:metal;condition:used;size:large,a used large silver metal cleaning wiper,cleaning_wiper_0003,
DL_Group_4/cleaning_wiper_cleaning_wiper_0004.jpg,cleaning_wiper,color:silver;material:metal;condition:used;size:large,a used large silver metal cleaning wiper,cleaning_wiper_0004,
DL_Group_4/cleaning_wiper_cleaning_wiper_0005.jpg,cleaning_wiper,color:silver;material:metal;condition:used;size:large,a used large silver metal cleaning wiper,cleaning_wiper_0005,
DL_Group_4/clothing_belt_clothing_belt_0001.JPG,clothing_belt,color:black;material:leather;condition:new;size:medium,a new black leather belt of medium size,clothing_belt_0001,
DL_Group_4/clothing_belt_clothing_belt_0002.JPG,clothing_belt,color:black;material:leather;condition:new;size:medium,a new black leather belt of medium size,clothing_belt_0002,
DL_Group_4/clothing_belt_clothing_belt_0003.JPG,clothing_belt,color:black;material:leather;condition:new;size:medium,a new black leather belt of medium size,clothing_belt_0003,
DL_Group_4/clothing_belt_clothing_belt_0004.JPG,clothing_belt,color:black;material:leather;condition:new;size:medium,a new black leather belt of medium size,clothing_belt_0004,
DL_Group_4/clothing_belt_clothing_belt_0005.JPG,clothing_belt,color:black;material:leather;condition:new;size:medium,a new black leather belt of medium size,clothing_belt_0005,
DL_Group_4/clothing_cap_clothing_cap_0001.JPG,clothing_cap,color:blue;material:cotton;condition:new;size:small,a new small blue cotton cap with plain pattern,clothing_cap_0001,
DL_Group_4/clothing_cap_clothing_cap_0002.JPG,clothing_cap,color:blue;material:cotton;condition:new;size:small,a new small blue cotton cap with plain pattern,clothing_cap_0002,
DL_Group_4/clothing_cap_clothing_cap_0003.JPG,clothing_cap,color:blue;material:cotton;condition:new;size:small,a new small blue cotton cap with plain pattern,clothing_cap_0003,
DL_Group_4/clothing_cap_clothing_cap_0004.JPG,clothing_cap,color:blue;material:cotton;condition:new;size:small,a new small blue cotton cap with plain pattern,clothing_cap_0004,
DL_Group_4/clothing_cap_clothing_cap_0005.JPG,clothing_cap,color:blue;material:cotton;condition:new;size:small,a new small blue cotton cap with plain pattern,clothing_cap_0005,
DL_Group_4/clothing_handkerchief_clothing_handkerchief_0001.JPG,clothing_handkerchief,color:white;material:cotton;condition:new;size:medium,a new white cotton medium handkerchief,clothing_handkerchief_0001,
DL_Group_4/clothing_handkerchief_clothing_handkerchief_0002.JPG,clothing_handkerchief,color:white;material:cotton;condition:new;size:medium,a new white cotton medium handkerchief,clothing_handkerchief_0002,
DL_Group_4/clothing_handkerchief_clothing_handkerchief_0003.JPG,clothing_handkerchief,color:white;material:cotton;condition:new;size:medium,a new white cotton medium handkerchief,clothing_handkerchief_0003,
DL_Group_4/clothing_handkerchief_clothing_handkerchief_0004.JPG,clothing_handkerchief,color:white;material:cotton;condition:new;size:medium,a new white cotton medium handkerchief,clothing_handkerchief_0004,
DL_Group_4/clothing_handkerchief_clothing_handkerchief_0005.JPG,clothing_handkerchief,color:white;material:cotton;condition:new;size:medium,a new white cotton medium handkerchief,clothing_handkerchief_0005,
DL_Group_4/clothing_jersey_clothing_jersey_0001.jpg,clothing_jersey,color:red;material:synthetic;condition:new;size:large,a new large red synthetic jersey,clothing_jersey_0001,
DL_Group_4/clothing_jersey_clothing_jersey_0002.jpg,clothing_jersey,color:red;material:synthetic;condition:new;size:large,a new large red synthetic jersey,clothing_jersey_0002,
DL_Group_4/clothing_jersey_clothing_jersey_0003.jpg,clothing_jersey,color:red;material:synthetic;condition:new;size:large,a new large red synthetic jersey,clothing_jersey_0003,
DL_Group_4/clothing_jersey_clothing_jersey_0004.jpg,clothing_jersey,color:red;material:synthetic;condition:new;size:large,a new large red synthetic jersey,clothing_jersey_0004,
DL_Group_4/clothing_jersey_clothing_jersey_0005.jpg,clothing_jersey,color:red;material:synthetic;condition:new;size:large,a new large red synthetic jersey,clothing_jersey_0005,
DL_Group_4/clothing_microfiber cloth_clothing_microfiber_cloth_0001.JPG,clothing_microfiber_cloth,color:grey;material:synthetic;condition:used;size:small,a used small grey synthetic microfiber cloth,clothing_microfiber_cloth_0001,
DL_Group_4/clothing_microfiber cloth_clothing_microfiber_cloth_0002.JPG,clothing_microfiber_cloth,color:grey;material:synthetic;condition:used;size:small,a used small grey synthetic microfiber cloth,clothing_microfiber_cloth_0002,
DL_Group_4/clothing_microfiber cloth_clothing_microfiber_cloth_0003.JPG,clothing_microfiber_cloth,color:grey;material:synthetic;condition:used;size:small,a used small grey synthetic microfiber cloth,clothing_microfiber_cloth_0003,
DL_Group_4/clothing_microfiber cloth_clothing_microfiber_cloth_0004.JPG,clothing_microfiber_cloth,color:grey;material:synthetic;condition:used;size:small,a used small grey synthetic microfiber cloth,clothing_microfiber_cloth_0004,
DL_Group_4/clothing_microfiber cloth_clothing_microfiber_cloth_0005.JPG,clothing_microfiber_cloth,color:grey;material:synthetic;condition:used;size:small,a used small grey synthetic microfiber cloth,clothing_microfiber_cloth_0005,
DL_Group_4/clothing_sock_clothing_sock_0001.JPG,clothing_sock,color:white;material:cloth;condition:used;size:medium,a used medium white cloth sock,clothing_sock_0001,
DL_Group_4/clothing_sock_clothing_sock_0002.JPG,clothing_sock,color:white;material:cloth;condition:used;size:medium,a used medium white cloth sock,clothing_sock_0002,
DL_Group_4/clothing_sock_clothing_sock_0003.JPG,clothing_sock,color:white;material:cloth;condition:used;size:medium,a used medium white cloth sock,clothing_sock_0003,
DL_Group_4/clothing_sock_clothing_sock_0004.JPG,clothing_sock,color:white;material:cloth;condition:used;size:medium,a used medium white cloth sock,clothing_sock_0004,
DL_Group_4/clothing_sock_clothing_sock_0005.JPG,clothing_sock,color:white;material:cloth;condition:used;size:medium,a used medium white cloth sock,clothing_sock_0005,
DL_Group_4/clothing_specs_clothing_specs_0001.JPG,clothing_specs,color:black;material:glass;condition:new;size:small,a new black colored small glass eyewear,clothing_specs_0001,
DL_Group_4/clothing_specs_clothing_specs_0002.JPG,clothing_specs,color:black;material:glass;condition:new;size:small,a new black colored small glass eyewear,clothing_specs_0002,
DL_Group_4/clothing_specs_clothing_specs_0003.JPG,clothing_specs,color:black;material:glass;condition:new;size:small,a new black colored small glass eyewear,clothing_specs_0003,
DL_Group_4/clothing_specs_clothing_specs_0004.JPG,clothing_specs,color:black;material:glass;condition:new;size:small,a new black colored small glass eyewear,clothing_specs_0004,
DL_Group_4/clothing_specs_clothing_specs_0005.JPG,clothing_specs,color:black;material:glass;condition:new;size:small,a new black colored small glass eyewear,clothing_specs_0005,
DL_Group_4/clothing_sunglasses_clothing_sunglasses_0001.JPG,clothing_sunglasses,color:black;material:metal;condition:new;size:small,a new black metal small sunglasses with plain pattern,clothing_sunglasses_0001,
DL_Group_4/clothing_sunglasses_clothing_sunglasses_0002.JPG,clothing_sunglasses,color:black;material:metal;condition:new;size:small,a new black metal small sunglasses with plain pattern,clothing_sunglasses_0002,
DL_Group_4/clothing_sunglasses_clothing_sunglasses_0003.JPG,clothing_sunglasses,color:black;material:metal;condition:new;size:small,a new black metal small sunglasses with plain pattern,clothing_sunglasses_0003,
DL_Group_4/clothing_sunglasses_clothing_sunglasses_0004.JPG,clothing_sunglasses,color:black;material:metal;condition:new;size:small,a new black metal small sunglasses with plain pattern,clothing_sunglasses_0004,
DL_Group_4/clothing_sunglasses_clothing_sunglasses_0005.JPG,clothing_sunglasses,color:black;material:metal;condition:new;size:small,a new black metal small sunglasses with plain pattern,clothing_sunglasses_0005,
DL_Group_4/clothing_tie_clothing_tie_0001.JPG,clothing_tie,color:red;material:synthetic;condition:used;size:medium,a used red synthetic tie with plain pattern,clothing_tie_0001,
DL_Group_4/clothing_tie_clothing_tie_0002.JPG,clothing_tie,color:red;material:synthetic;condition:used;size:medium,a used red synthetic tie with plain pattern,clothing_tie_0002,
DL_Group_4/clothing_tie_clothing_tie_0003.JPG,clothing_tie,color:red;material:synthetic;condition:used;size:medium,a used red synthetic tie with plain pattern,clothing_tie_0003,
DL_Group_4/clothing_tie_clothing_tie_0004.JPG,clothing_tie,color:red;material:synthetic;condition:used;size:medium,a used red synthetic tie with plain pattern,clothing_tie_0004,
DL_Group_4/clothing_tie_clothing_tie_0005.JPG,clothing_tie,color:red;material:synthetic;condition:used;size:medium,a used red synthetic tie with plain pattern,clothing_tie_0005,
DL_Group_4/clothing_wallet_clothing_wallet_0001.JPG,clothing_wallet,color:black;material:leather;condition:used;size:small,a used small black leather wallet,clothing_wallet_0001,
DL_Group_4/clothing_wallet_clothing_wallet_0002.JPG,clothing_wallet,color:black;material:leather;condition:used;size:small,a used small black leather wallet,clothing_wallet_0002,
DL_Group_4/clothing_wallet_clothing_wallet_0003.JPG,clothing_wallet,color:black;material:leather;condition:used;size:small,a used small black leather wallet,clothing_wallet_0003,
DL_Group_4/clothing_wallet_clothing_wallet_0004.JPG,clothing_wallet,color:black;material:leather;condition:used;size:small,a used small black leather wallet,clothing_wallet_0004,
DL_Group_4/clothing_wallet_clothing_wallet_0005.JPG,clothing_wallet,color:black;material:leather;condition:used;size:small,a used small black leather wallet,clothing_wallet_0005,
DL_Group_4/clothing_wrist band_clothing_wrist_band_0001.JPG,clothing_wrist_band,color:black;material:cotton;condition:used;size:small,a used small black cotton wrist band,clothing_wrist_band_0001,
DL_Group_4/clothing_wrist band_clothing_wrist_band_0002.JPG,clothing_wrist_band,color:black;material:cotton;condition:used;size:small,a used small black cotton wrist band,clothing_wrist_band_0002,
DL_Group_4/clothing_wrist band_clothing_wrist_band_0003.JPG,clothing_wrist_band,color:black;material:cotton;condition:used;size:small,a used small black cotton wrist band,clothing_wrist_band_0003,
DL_Group_4/clothing_wrist band_clothing_wrist_band_0004.JPG,clothing_wrist_band,color:black;material:cotton;condition:used;size:small,a used small black cotton wrist band,clothing_wrist_band_0004,
DL_Group_4/clothing_wrist band_clothing_wrist_band_0005.JPG,clothing_wrist_band,color:black;material:cotton;condition:used;size:small,a used small black cotton wrist band,clothing_wrist_band_0005,
DL_Group_4/clothing_wrist watch_clothing_wrist_watch_0001.JPG,clothing_wrist_watch,color:black;material:metal;condition:new;size:small,a new black metal small wrist watch,clothing_wrist_watch_0001,
DL_Group_4/clothing_wrist watch_clothing_wrist_watch_0002.JPG,clothing_wrist_watch,color:black;material:metal;condition:new;size:small,a new black metal small wrist watch,clothing_wrist_watch_0002,
DL_Group_4/clothing_wrist watch_clothing_wrist_watch_0003.JPG,clothing_wrist_watch,color:black;material:metal;condition:new;size:small,a new black metal small wrist watch,clothing_wrist_watch_0003,
DL_Group_4/clothing_wrist watch_clothing_wrist_watch_0004.JPG,clothing_wrist_watch,color:black;material:metal;condition:new;size:small,a new black metal small wrist watch,clothing_wrist_watch_0004,
DL_Group_4/clothing_wrist watch_clothing_wrist_watch_0005.JPG,clothing_wrist_watch,color:black;material:metal;condition:new;size:small,a new black metal small wrist watch,clothing_wrist_watch_0005,
DL_Group_4/cookware_baking gloves_cookware_baking_gloves_0001.jpg,cookware_baking_gloves,color:yellow;material:cotton;condition:used;size:medium,used yellow cotton baking gloves of medium size,cookware_baking_gloves_0001,
DL_Group_4/cookware_baking gloves_cookware_baking_gloves_0002.jpg,cookware_baking_gloves,color:yellow;material:cotton;condition:used;size:medium,used yellow cotton baking gloves of medium size,cookware_baking_gloves_0002,
DL_Group_4/cookware_baking gloves_cookware_baking_gloves_0003.jpg,cookware_baking_gloves,color:yellow;material:cotton;condition:used;size:medium,used yellow cotton baking gloves of medium size,cookware_baking_gloves_0003,
DL_Group_4/cookware_baking gloves_cookware_baking_gloves_0004.jpg,cookware_baking_gloves,color:yellow;material:cotton;condition:used;size:medium,used yellow cotton baking gloves of medium size,cookware_baking_gloves_0004,
DL_Group_4/cookware_baking gloves_cookware_baking_gloves_0005.jpg,cookware_baking_gloves,color:yellow;material:cotton;condition:used;size:medium,used yellow cotton baking gloves of medium size,cookware_baking_gloves_0005,
DL_Group_4/cookware_Cake baking tray_cookware_cake_baking_tray_0001.jpg,cookware_cake_baking_tray,color:silver;material:metal;condition:used;size:large,a used large silver metal cake baking tray,cookware_cake_baking_tray_0001,
DL_Group_4/cookware_Cake baking tray_cookware_cake_baking_tray_0002.jpg,cookware_cake_baking_tray,color:silver;material:metal;condition:used;size:large,a used large silver metal cake baking tray,cookware_cake_baking_tray_0002,
DL_Group_4/cookware_Cake baking tray_cookware_cake_baking_tray_0003.jpg,cookware_cake_baking_tray,color:silver;material:metal;condition:used;size:large,a used large silver metal cake baking tray,cookware_cake_baking_tray_0003,
DL_Group_4/cookware_Cake baking tray_cookware_cake_baking_tray_0004.jpg,cookware_cake_baking_tray,color:silver;material:metal;condition:used;size:large,a used large silver metal cake baking tray,cookware_cake_baking_tray_0004,
DL_Group_4/cookware_Cake baking tray_cookware_cake_baking_tray_0005.jpg,cookware_cake_baking_tray,color:silver;material:metal;condition:used;size:large,a used large silver metal cake baking tray,cookware_cake_baking_tray_0005,
DL_Group_4/cookware_colander_cookware_colander_0001.jpg,cookware_colander,color:silver;material:metal;condition:used;size:medium,a used medium silver metal colander,cookware_colander_0001,
DL_Group_4/cookware_colander_cookware_colander_0002.jpg,cookware_colander,color:silver;material:metal;condition:used;size:medium,a used medium silver metal colander,cookware_colander_0002,
DL_Group_4/cookware_colander_cookware_colander_0003.jpg,cookware_colander,color:silver;material:metal;condition:used;size:medium,a used medium silver metal colander,cookware_colander_0003,
DL_Group_4/cookware_colander_cookware_colander_0004.jpg,cookware_colander,color:silver;material:metal;condition:used;size:medium,a used medium silver metal colander,cookware_colander_0004,
DL_Group_4/cookware_colander_cookware_colander_0005.jpg,cookware_colander,color:silver;material:metal;condition:used;size:medium,a used medium silver metal colander,cookware_colander_0005,
DL_Group_4/cookware_cooker_cookware_cooker_0001.jpg,cookware_cooker,color:silver;material:metal;condition:used;size:large,a used large silver metal cooker,cookware_cooker_0001,
DL_Group_4/cookware_cooker_cookware_cooker_0002.jpg,cookware_cooker,color:silver;material:metal;condition:used;size:large,a used large silver metal cooker,cookware_cooker_0002,
DL_Group_4/cookware_cooker_cookware_cooker_0003.jpg,cookware_cooker,color:silver;material:metal;condition:used;size:large,a used large silver metal cooker,cookware_cooker_0003,
DL_Group_4/cookware_cooker_cookware_cooker_0004.jpg,cookware_cooker,color:silver;material:metal;condition:used;size:large,a used large silver metal cooker,cookware_cooker_0004,
DL_Group_4/cookware_cooker_cookware_cooker_0005.jpg,cookware_cooker,color:silver;material:metal;condition:used;size:large,a used large silver metal cooker,cookware_cooker_0005,
DL_Group_4/cookware_cutting_board_cookware_cutting_board_0001.jpg,cookware_cutting_board,color:brown;material:wood;condition:used;size:large,a large used brown wooden cutting board,cookware_cutting_board_0001,
DL_Group_4/cookware_cutting_board_cookware_cutting_board_0002.jpg,cookware_cutting_board,color:brown;material:wood;condition:used;size:large,a large used brown wooden cutting board,cookware_cutting_board_0002,
DL_Group_4/cookware_cutting_board_cookware_cutting_board_0003.jpg,cookware_cutting_board,color:brown;material:wood;condition:used;size:large,a large used brown wooden cutting board,cookware_cutting_board_0003,
DL_Group_4/cookware_cutting_board_cookware_cutting_board_0004.jpg,cookware_cutting_board,color:brown;material:wood;condition:used;size:large,a large used brown wooden cutting board,cookware_cutting_board_0004,
DL_Group_4/cookware_cutting_board_cookware_cutting_board_0005.jpg,cookware_cutting_board,color:brown;material:wood;condition:used;size:large,a large used brown wooden cutting board,cookware_cutting_board_0005,
DL_Group_4/cookware_frying_pan_cookware_frying_pan_0001.jpg,cookware_frying_pan,color:silver;material:metal;condition:used;size:medium,a used medium silver metal frying pan,cookware_frying_pan_0001,
DL_Group_4/cookware_frying_pan_cookware_frying_pan_0002.jpg,cookware_frying_pan,color:silver;material:metal;condition:used;size:medium,a used medium silver metal frying pan,cookware_frying_pan_0002,
DL_Group_4/cookware_frying_pan_cookware_frying_pan_0003.jpg,cookware_frying_pan,color:silver;material:metal;condition:used;size:medium,a used medium silver metal frying pan,cookware_frying_pan_0003,
DL_Group_4/cookware_frying_pan_cookware_frying_pan_0004.jpg,cookware_frying_pan,color:silver;material:metal;condition:used;size:medium,a used medium silver metal frying pan,cookware_frying_pan_0004,
DL_Group_4/cookware_frying_pan_cookware_frying_pan_0005.jpg,cookware_frying_pan,color:silver;material:metal;condition:used;size:medium,a used medium silver metal frying pan,cookware_frying_pan_0005,
DL_Group_4/cookware_kadhai_cookware_kadhai_0001.jpg,cookware_kadhai,color:silver;material:metal;condition:used;size:large,a used large silver metal kadhai,cookware_kadhai_0001,
DL_Group_4/cookware_kadhai_cookware_kadhai_0002.jpg,cookware_kadhai,color:silver;material:metal;condition:used;size:large,a used large silver metal kadhai,cookware_kadhai_0002,
DL_Group_4/cookware_kadhai_cookware_kadhai_0003.jpg,cookware_kadhai,color:silver;material:metal;condition:used;size:large,a used large silver metal kadhai,cookware_kadhai_0003,
DL_Group_4/cookware_kadhai_cookware_kadhai_0004.jpg,cookware_kadhai,color:silver;material:metal;condition:used;size:large,a used large silver metal kadhai,cookware_kadhai_0004,
DL_Group_4/cookware_kadhai_cookware_kadhai_0005.jpg,cookware_kadhai,color:silver;material:metal;condition:used;size:large,a used large silver metal kadhai,cookware_kadhai_0005,
DL_Group_4/cookware_Loaf tray_cookware_loaf_tray_0001.jpg,cookware_loaf_tray,color:silver;material:metal;condition:used;size:medium,a used medium silver metal loaf tray,cookware_loaf_tray_0001,
DL_Group_4/cookware_Loaf tray_cookware_loaf_tray_0002.jpg,cookware_loaf_tray,color:silver;material:metal;condition:used;size:medium,a used medium silver metal loaf tray,cookware_loaf_tray_0002,
DL_Group_4/cookware_Loaf tray_cookware_loaf_tray_0003.jpg,cookware_loaf_tray,color:silver;material:metal;condition:used;size:medium,a used medium silver metal loaf tray,cookware_loaf_tray_0003,
DL_Group_4/cookware_Loaf tray_cookware_loaf_tray_0004.jpg,cookware_loaf_tray,color:silver;material:metal;condition:used;size:medium,a used medium silver metal loaf tray,cookware_loaf_tray_0004,
DL_Group_4/cookware_Loaf tray_cookware_loaf_tray_0005.jpg,cookware_loaf_tray,color:silver;material:metal;condition:used;size:medium,a used medium silver metal loaf tray,cookware_loaf_tray_0005,
DL_Group_4/cookware_muffin_tin_cookware_muffin_tin_0001.jpg,cookware_muffin_tin,color:black;material:metal;condition:used;size:medium,a used medium black metal muffin tin,cookware_muffin_tin_0001,
DL_Group_4/cookware_muffin_tin_cookware_muffin_tin_0002.jpg,cookware_muffin_tin,color:black;material:metal;condition:used;size:medium,a used medium black metal muffin tin,cookware_muffin_tin_0002,
DL_Group_4/cookware_muffin_tin_cookware_muffin_tin_0003.jpg,cookware_muffin_tin,color:black;material:metal;condition:used;size:medium,a used medium black metal muffin tin,cookware_muffin_tin_0003,
DL_Group_4/cookware_muffin_tin_cookware_muffin_tin_0004.jpg,cookware_muffin_tin,color:black;material:metal;condition:used;size:medium,a used medium black metal muffin tin,cookware_muffin_tin_0004,
DL_Group_4/cookware_Pie tray_cookware_pie_tray_0001.jpg,cookware_pie_tray,color:transparent;material:glass;condition:used;size:medium,a used transparent glass pie tray of medium size,cookware_pie_tray_0001,
DL_Group_4/cookware_Pie tray_cookware_pie_tray_0002.jpg,cookware_pie_tray,color:transparent;material:glass;condition:used;size:medium,a used transparent glass pie tray of medium size,cookware_pie_tray_0002,
DL_Group_4/cookware_Pie tray_cookware_pie_tray_0003.jpg,cookware_pie_tray,color:transparent;material:glass;condition:used;size:medium,a used transparent glass pie tray of medium size,cookware_pie_tray_0003,
DL_Group_4/cookware_Pie tray_cookware_pie_tray_0004.jpg,cookware_pie_tray,color:transparent;material:glass;condition:used;size:medium,a used transparent glass pie tray of medium size,cookware_pie_tray_0004,
DL_Group_4/cookware_Pie tray_cookware_pie_tray_0005.jpg,cookware_pie_tray,color:transparent;material:glass;condition:used;size:medium,a used transparent glass pie tray of medium size,cookware_pie_tray_0005,
DL_Group_4/cookware_pot_lid_cookware_pot_lid_0001.jpg,cookware_pot_lid,color:silver;material:metal;condition:used;size:medium,a used silver metal pot lid with medium size,cookware_pot_lid_0001,
DL_Group_4/cookware_pot_lid_cookware_pot_lid_0002.jpg,cookware_pot_lid,color:silver;material:metal;condition:used;size:medium,a used silver metal pot lid with medium size,cookware_pot_lid_0002,
DL_Group_4/cookware_pot_lid_cookware_pot_lid_0003.jpg,cookware_pot_lid,color:silver;material:metal;condition:used;size:medium,a used silver metal pot lid with medium size,cookware_pot_lid_0003,
DL_Group_4/cookware_pot_lid_cookware_pot_lid_0004.jpg,cookware_pot_lid,color:silver;material:metal;condition:used;size:medium,a used silver metal pot lid with medium size,cookware_pot_lid_0004,
DL_Group_4/cookware_pot_lid_cookware_pot_lid_0005.jpg,cookware_pot_lid,color:silver;material:metal;condition:used;size:medium,a used silver metal pot lid with medium size,cookware_pot_lid_0005,
DL_Group_4/cookware_saucepan_cookware_saucepan_0001.jpg,cookware_saucepan,color:silver;material:metal;condition:used;size:medium,a used medium silver metal saucepan with plain pattern,cookware_saucepan_0001,
DL_Group_4/cookware_saucepan_cookware_saucepan_0002.jpg,cookware_saucepan,color:silver;material:metal;condition:used;size:medium,a used medium silver metal saucepan with plain pattern,cookware_saucepan_0002,
DL_Group_4/cookware_saucepan_cookware_saucepan_0003.jpg,cookware_saucepan,color:silver;material:metal;condition:used;size:medium,a used medium silver metal saucepan with plain pattern,cookware_saucepan_0003,
DL_Group_4/cookware_saucepan_cookware_saucepan_0004.jpg,cookware_saucepan,color:silver;material:metal;condition:used;size:medium,a used medium silver metal saucepan with plain pattern,cookware_saucepan_0004,
DL_Group_4/cookware_saucepan_cookware_saucepan_0005.jpg,cookware_saucepan,color:silver;material:metal;condition:used;size:medium,a used medium silver metal saucepan with plain pattern,cookware_saucepan_0005,
DL_Group_4/cookware_tadka pan_cookware_tadka_pan_0001.jpg,cookware_tadka_pan,color:blue;material:metal;condition:used;size:medium,a used medium blue metal tadka pan,cookware_tadka_pan_0001,
DL_Group_4/cookware_tadka pan_cookware_tadka_pan_0002.jpg,cookware_tadka_pan,color:blue;material:metal;condition:used;size:medium,a used medium blue metal tadka pan,cookware_tadka_pan_0002,
DL_Group_4/cookware_tadka pan_cookware_tadka_pan_0003.jpg,cookware_tadka_pan,color:blue;material:metal;condition:used;size:medium,a used medium blue metal tadka pan,cookware_tadka_pan_0003,
DL_Group_4/cookware_tadka pan_cookware_tadka_pan_0004.jpg,cookware_tadka_pan,color:blue;material:metal;condition:used;size:medium,a used medium blue metal tadka pan,cookware_tadka_pan_0004,
DL_Group_4/cookware_tadka pan_cookware_tadka_pan_0005.jpg,cookware_tadka_pan,color:blue;material:metal;condition:used;size:medium,a used medium blue metal tadka pan,cookware_tadka_pan_0005,
DL_Group_4/cookware_tawa_cookware_tawa_0001.jpg,cookware_tawa,color:brown;material:metal;condition:used;size:medium,a used medium brown metal tawa,cookware_tawa_0001,
DL_Group_4/cookware_tawa_cookware_tawa_0002.jpg,cookware_tawa,color:brown;material:metal;condition:used;size:medium,a used medium brown metal tawa,cookware_tawa_0002,
DL_Group_4/cookware_tawa_cookware_tawa_0003.jpg,cookware_tawa,color:brown;material:metal;condition:used;size:medium,a used medium brown metal tawa,cookware_tawa_0003,
DL_Group_4/cookware_tawa_cookware_tawa_0004.jpg,cookware_tawa,color:brown;material:metal;condition:used;size:medium,a used medium brown metal tawa,cookware_tawa_0004,
DL_Group_4/cookware_tawa_cookware_tawa_0005.jpg,cookware_tawa,color:brown;material:metal;condition:used;size:medium,a used medium brown metal tawa,cookware_tawa_0005,
DL_Group_4/cookware_Tope_cookware_tope_0001.jpg,cookware_tope,color:silver;material:metal;condition:used;size:large,a used large silver metal cookware top,cookware_tope_0001,
DL_Group_4/cookware_Tope_cookware_tope_0002.jpg,cookware_tope,color:silver;material:metal;condition:used;size:large,a used large silver metal cookware top,cookware_tope_0002,
DL_Group_4/cookware_Tope_cookware_tope_0003.jpg,cookware_tope,color:silver;material:metal;condition:used;size:large,a used large silver metal cookware top,cookware_tope_0003,
DL_Group_4/cookware_Tope_cookware_tope_0004.jpg,cookware_tope,color:silver;material:metal;condition:used;size:large,a used large silver metal cookware top,cookware_tope_0004,
DL_Group_4/cookware_Tope_cookware_tope_0005.jpg,cookware_tope,color:silver;material:metal;condition:used;size:large,a used large silver metal cookware top,cookware_tope_0005,
DL_Group_4/cookware_Wok_cookware_wok_0001.jpg,cookware_wok,color:blue;material:metal;condition:used;size:medium,a used medium blue metal wok with plain pattern,cookware_wok_0001,
DL_Group_4/cookware_Wok_cookware_wok_0002.jpg,cookware_wok,color:blue;material:metal;condition:used;size:medium,a used medium blue metal wok with plain pattern,cookware_wok_0002,
DL_Group_4/cookware_Wok_cookware_wok_0003.jpg,cookware_wok,color:blue;material:metal;condition:used;size:medium,a used medium blue metal wok with plain pattern,cookware_wok_0003,
DL_Group_4/cookware_Wok_cookware_wok_0004.jpg,cookware_wok,color:blue;material:metal;condition:used;size:medium,a used medium blue metal wok with plain pattern,cookware_wok_0004,
DL_Group_4/cookware_Wok_cookware_wok_0005.jpg,cookware_wok,color:blue;material:metal;condition:used;size:medium,a used medium blue metal wok with plain pattern,cookware_wok_0005,
DL_Group_4/Electronic accessories_cable_electronic_accessories_cable_0001.JPG,electronic_accessories_cable,color:white;material:rubber;condition:used;size:small,a used small white rubber cable with plain pattern,electronic_accessories_cable_0001,
DL_Group_4/Electronic accessories_cable_electronic_accessories_cable_0002.JPG,electronic_accessories_cable,color:white;material:rubber;condition:used;size:small,a used small white rubber cable with plain pattern,electronic_accessories_cable_0002,
DL_Group_4/Electronic accessories_cable_electronic_accessories_cable_0003.JPG,electronic_accessories_cable,color:white;material:rubber;condition:used;size:small,a used small white rubber cable with plain pattern,electronic_accessories_cable_0003,
DL_Group_4/Electronic accessories_cable_electronic_accessories_cable_0004.JPG,electronic_accessories_cable,color:white;material:rubber;condition:used;size:small,a used small white rubber cable with plain pattern,electronic_accessories_cable_0004,
DL_Group_4/Electronic accessories_cable_electronic_accessories_cable_0005.JPG,electronic_accessories_cable,color:white;material:rubber;condition:used;size:small,a used small white rubber cable with plain pattern,electronic_accessories_cable_0005,
DL_Group_4/Electronic accessories_calculator_electronic_accessories_calculator_0001.JPG,electronic_accessories_calculator,color:black;material:plastic;condition:used;size:small,a used small black plastic calculator,electronic_accessories_calculator_0001,
DL_Group_4/Electronic accessories_calculator_electronic_accessories_calculator_0002.JPG,electronic_accessories_calculator,color:black;material:plastic;condition:used;size:small,a used small black plastic calculator,electronic_accessories_calculator_0002,
DL_Group_4/Electronic accessories_calculator_electronic_accessories_calculator_0003.JPG,electronic_accessories_calculator,color:black;material:plastic;condition:used;size:small,a used small black plastic calculator,electronic_accessories_calculator_0003,
DL_Group_4/Electronic accessories_calculator_electronic_accessories_calculator_0004.JPG,electronic_accessories_calculator,color:black;material:plastic;condition:used;size:small,a used small black plastic calculator,electronic_accessories_calculator_0004,
DL_Group_4/Electronic accessories_calculator_electronic_accessories_calculator_0005.JPG,electronic_accessories_calculator,color:black;material:plastic;condition:used;size:small,a used small black plastic calculator,electronic_accessories_calculator_0005,
DL_Group_4/Electronic accessories_charger_electronic_accessories_charger_0001.JPG,electronic_accessories_charger,color:white;material:plastic;condition:used;size:small,a used small white plastic charger,electronic_accessories_charger_0001,
DL_Group_4/Electronic accessories_charger_electronic_accessories_charger_0002.JPG,electronic_accessories_charger,color:white;material:plastic;condition:used;size:small,a used small white plastic charger,electronic_accessories_charger_0002,
DL_Group_4/Electronic accessories_charger_electronic_accessories_charger_0003.JPG,electronic_accessories_charger,color:white;material:plastic;condition:used;size:small,a used small white plastic charger,electronic_accessories_charger_0003,
DL_Group_4/Electronic accessories_charger_electronic_accessories_charger_0004.JPG,electronic_accessories_charger,color:white;material:plastic;condition:used;size:small,a used small white plastic charger,electronic_accessories_charger_0004,
DL_Group_4/Electronic accessories_charger_electronic_accessories_charger_0005.JPG,electronic_accessories_charger,color:white;material:plastic;condition:used;size:small,a used small white plastic charger,electronic_accessories_charger_0005,
DL_Group_4/Electronic accessories_controller_electronic_accessories_controller_0001.JPG,electronic_accessories_controller,color:red;material:plastic;condition:used;size:small,a used small red plastic controller,electronic_accessories_controller_0001,
DL_Group_4/Electronic accessories_controller_electronic_accessories_controller_0002.JPG,electronic_accessories_controller,color:red;material:plastic;condition:used;size:small,a used small red plastic controller,electronic_accessories_controller_0002,
DL_Group_4/Electronic accessories_controller_electronic_accessories_controller_0003.JPG,electronic_accessories_controller,color:red;material:plastic;condition:used;size:small,a used small red plastic controller,electronic_accessories_controller_0003,
DL_Group_4/Electronic accessories_controller_electronic_accessories_controller_0004.JPG,electronic_accessories_controller,color:red;material:plastic;condition:used;size:small,a used small red plastic controller,electronic_accessories_controller_0004,
DL_Group_4/Electronic accessories_controller_electronic_accessories_controller_0005.JPG,electronic_accessories_controller,color:red;material:plastic;condition:used;size:small,a used small red plastic controller,electronic_accessories_controller_0005,
DL_Group_4/Electronic accessories_earphone case_electronic_accessories_earphone_case_0001.JPG,electronic_accessories_earphone_case,color:blue;material:plastic;condition:used;size:small,a used small blue plastic earphone case,electronic_accessories_earphone_case_0001,
DL_Group_4/Electronic accessories_earphone case_electronic_accessories_earphone_case_0002.JPG,electronic_accessories_earphone_case,color:blue;material:plastic;condition:used;size:small,a used small blue plastic earphone case,electronic_accessories_earphone_case_0002,
DL_Group_4/Electronic accessories_earphone case_electronic_accessories_earphone_case_0003.JPG,electronic_accessories_earphone_case,color:blue;material:plastic;condition:used;size:small,a used small blue plastic earphone case,electronic_accessories_earphone_case_0003,
DL_Group_4/Electronic accessories_earphone case_electronic_accessories_earphone_case_0004.JPG,electronic_accessories_earphone_case,color:blue;material:plastic;condition:used;size:small,a used small blue plastic earphone case,electronic_accessories_earphone_case_0004,
DL_Group_4/Electronic accessories_earphone case_electronic_accessories_earphone_case_0005.JPG,electronic_accessories_earphone_case,color:blue;material:plastic;condition:used;size:small,a used small blue plastic earphone case,electronic_accessories_earphone_case_0005,
DL_Group_4/Electronic accessories_earphones_electronic_accessories_earphones_0001.JPG,electronic_accessories_earphones,color:blue;material:plastic;condition:used;size:small,used small blue plastic earphones with closed lid,electronic_accessories_earphones_0001,
DL_Group_4/Electronic accessories_earphones_electronic_accessories_earphones_0002.JPG,electronic_accessories_earphones,color:blue;material:plastic;condition:used;size:small,used small blue plastic earphones with closed lid,electronic_accessories_earphones_0002,
DL_Group_4/Electronic accessories_earphones_electronic_accessories_earphones_0003.JPG,electronic_accessories_earphones,color:blue;material:plastic;condition:used;size:small,used small blue plastic earphones with closed lid,electronic_accessories_earphones_0003,
DL_Group_4/Electronic accessories_earphones_electronic_accessories_earphones_0004.JPG,electronic_accessories_earphones,color:blue;material:plastic;condition:used;size:small,used small blue plastic earphones with closed lid,electronic_accessories_earphones_0004,
DL_Group_4/Electronic accessories_earphones_electronic_accessories_earphones_0005.JPG,electronic_accessories_earphones,color:blue;material:plastic;condition:used;size:small,used small blue plastic earphones with closed lid,electronic_accessories_earphones_0005,
DL_Group_4/Electronic accessories_HDMI cable_electronic_accessories_hdmi_cable_0001.JPG,electronic_accessories_hdmi_cable,color:black;material:rubber;condition:used;size:small,a used small black rubber hdmi cable,electronic_accessories_hdmi_cable_0001,
DL_Group_4/Electronic accessories_HDMI cable_electronic_accessories_hdmi_cable_0002.JPG,electronic_accessories_hdmi_cable,color:black;material:rubber;condition:used;size:small,a used small black rubber hdmi cable,electronic_accessories_hdmi_cable_0002,
DL_Group_4/Electronic accessories_HDMI cable_electronic_accessories_hdmi_cable_0003.JPG,electronic_accessories_hdmi_cable,color:black;material:rubber;condition:used;size:small,a used small black rubber hdmi cable,electronic_accessories_hdmi_cable_0003,
DL_Group_4/Electronic accessories_HDMI cable_electronic_accessories_hdmi_cable_0004.JPG,electronic_accessories_hdmi_cable,color:black;material:rubber;condition:used;size:small,a used small black rubber hdmi cable,electronic_accessories_hdmi_cable_0004,
DL_Group_4/Electronic accessories_HDMI cable_electronic_accessories_hdmi_cable_0005.JPG,electronic_accessories_hdmi_cable,color:black;material:rubber;condition:used;size:small,a used small black rubber hdmi cable,electronic_accessories_hdmi_cable_0005,
DL_Group_4/Electronic accessories_keyboard_electronic_accessories_keyboard_0001.JPG,electronic_accessories_keyboard,color:black;material:metal;condition:used;size:medium,a used medium black metal keyboard with plain pattern,electronic_accessories_keyboard_0001,
DL_Group_4/Electronic accessories_keyboard_electronic_accessories_keyboard_0002.JPG,electronic_accessories_keyboard,color:black;material:metal;condition:used;size:medium,a used medium black metal keyboard with plain pattern,electronic_accessories_keyboard_0002,
DL_Group_4/Electronic accessories_keyboard_electronic_accessories_keyboard_0003.JPG,electronic_accessories_keyboard,color:black;material:metal;condition:used;size:medium,a used medium black metal keyboard with plain pattern,electronic_accessories_keyboard_0003,
DL_Group_4/Electronic accessories_keyboard_electronic_accessories_keyboard_0004.JPG,electronic_accessories_keyboard,color:black;material:metal;condition:used;size:medium,a used medium black metal keyboard with plain pattern,electronic_accessories_keyboard_0004,
DL_Group_4/Electronic accessories_keyboard_electronic_accessories_keyboard_0005.JPG,electronic_accessories_keyboard,color:black;material:metal;condition:used;size:medium,a used medium black metal keyboard with plain pattern,electronic_accessories_keyboard_0005,
DL_Group_4/Electronic accessories_mouse_electronic_accessories_mouse_0001.JPG,electronic_accessories_mouse,color:white;material:plastic;condition:used;size:small,a used small white plastic mouse,electronic_accessories_mouse_0001,
DL_Group_4/Electronic accessories_mouse_electronic_accessories_mouse_0002.JPG,electronic_accessories_mouse,color:white;material:plastic;condition:used;size:small,a used small white plastic mouse,electronic_accessories_mouse_0002,
DL_Group_4/Electronic accessories_mouse_electronic_accessories_mouse_0003.JPG,electronic_accessories_mouse,color:white;material:plastic;condition:used;size:small,a used small white plastic mouse,electronic_accessories_mouse_0003,
DL_Group_4/Electronic accessories_mouse_electronic_accessories_mouse_0004.JPG,electronic_accessories_mouse,color:white;material:plastic;condition:used;size:small,a used small white plastic mouse,electronic_accessories_mouse_0004,
DL_Group_4/Electronic accessories_mouse_electronic_accessories_mouse_0005.JPG,electronic_accessories_mouse,color:white;material:plastic;condition:used;size:small,a used small white plastic mouse,electronic_accessories_mouse_0005,
DL_Group_4/Electronic accessories_pendrive_electronic_accessories_pendrive_0001.JPG,electronic_accessories_pendrive,color:black;material:plastic;condition:used;size:small,a used small black plastic pendrive,electronic_accessories_pendrive_0001,
DL_Group_4/Electronic accessories_pendrive_electronic_accessories_pendrive_0002.JPG,electronic_accessories_pendrive,color:black;material:plastic;condition:used;size:small,a used small black plastic pendrive,electronic_accessories_pendrive_0002,
DL_Group_4/Electronic accessories_pendrive_electronic_accessories_pendrive_0003.JPG,electronic_accessories_pendrive,color:black;material:plastic;condition:used;size:small,a used small black plastic pendrive,electronic_accessories_pendrive_0003,
DL_Group_4/Electronic accessories_pendrive_electronic_accessories_pendrive_0004.JPG,electronic_accessories_pendrive,color:black;material:plastic;condition:used;size:small,a used small black plastic pendrive,electronic_accessories_pendrive_0004,
DL_Group_4/Electronic accessories_pendrive_electronic_accessories_pendrive_0005.JPG,electronic_accessories_pendrive,color:black;material:plastic;condition:used;size:small,a used small black plastic pendrive,electronic_accessories_pendrive_0005,
DL_Group_4/Electronic accessories_trimmer_electronic_accessories_trimmer_0001.JPG,electronic_accessories_trimmer,color:black;material:plastic;condition:new;size:small,a new small black plastic trimmer,electronic_accessories_trimmer_0001,
DL_Group_4/Electronic accessories_trimmer_electronic_accessories_trimmer_0002.JPG,electronic_accessories_trimmer,color:black;material:plastic;condition:new;size:small,a new small black plastic trimmer,electronic_accessories_trimmer_0002,
DL_Group_4/Electronic accessories_trimmer_electronic_accessories_trimmer_0003.JPG,electronic_accessories_trimmer,color:black;material:plastic;condition:new;size:small,a new small black plastic trimmer,electronic_accessories_trimmer_0003,
DL_Group_4/Electronic accessories_trimmer_electronic_accessories_trimmer_0004.JPG,electronic_accessories_trimmer,color:black;material:plastic;condition:new;size:small,a new small black plastic trimmer,electronic_accessories_trimmer_0004,
DL_Group_4/Electronic accessories_trimmer_electronic_accessories_trimmer_0005.JPG,electronic_accessories_trimmer,color:black;material:plastic;condition:new;size:small,a new small black plastic trimmer,electronic_accessories_trimmer_0005,
DL_Group_4/Electronic accessories_universal adapter_electronic_accessories_universal_adapter_0001.JPG,electronic_accessories_universal_adapter,color:white;material:metal;condition:used;size:small,a used small white metal universal adapter,electronic_accessories_universal_adapter_0001,
DL_Group_4/Electronic accessories_universal adapter_electronic_accessories_universal_adapter_0002.JPG,electronic_accessories_universal_adapter,color:white;material:metal;condition:used;size:small,a used small white metal universal adapter,electronic_accessories_universal_adapter_0002,
DL_Group_4/Electronic accessories_universal adapter_electronic_accessories_universal_adapter_0003.JPG,electronic_accessories_universal_adapter,color:white;material:metal;condition:used;size:small,a used small white metal universal adapter,electronic_accessories_universal_adapter_0003,
DL_Group_4/Electronic accessories_universal adapter_electronic_accessories_universal_adapter_0004.JPG,electronic_accessories_universal_adapter,color:white;material:metal;condition:used;size:small,a used small white metal universal adapter,electronic_accessories_universal_adapter_0004,
DL_Group_4/Electronic accessories_universal adapter_electronic_accessories_universal_adapter_0005.JPG,electronic_accessories_universal_adapter,color:white;material:metal;condition:used;size:small,a used small white metal universal adapter,electronic_accessories_universal_adapter_0005,
DL_Group_4/Footwear_Black_FlipFlops_footwear_black_flipflops_0001.jpg,footwear_black_flipflops,color:black;material:rubber;condition:used;size:medium,used black rubber flipflops with a medium size,footwear_black_flipflops_0001,
DL_Group_4/Footwear_Black_FlipFlops_footwear_black_flipflops_0002.jpg,footwear_black_flipflops,color:black;material:rubber;condition:used;size:medium,used black rubber flipflops with a medium size,footwear_black_flipflops_0002,
DL_Group_4/Footwear_Black_FlipFlops_footwear_black_flipflops_0003.jpg,footwear_black_flipflops,color:black;material:rubber;condition:used;size:medium,used black rubber flipflops with a medium size,footwear_black_flipflops_0003,
DL_Group_4/Footwear_Black_FlipFlops_footwear_black_flipflops_0004.jpg,footwear_black_flipflops,color:black;material:rubber;condition:used;size:medium,used black rubber flipflops with a medium size,footwear_black_flipflops_0004,
DL_Group_4/Footwear_Black_FlipFlops_footwear_black_flipflops_0005.jpg,footwear_black_flipflops,color:black;material:rubber;condition:used;size:medium,used black rubber flipflops with a medium size,footwear_black_flipflops_0005,
DL_Group_4/Footwear_Black_Sliders_footwear_black_sliders_0001.jpg,footwear_black_sliders,color:black;material:rubber;condition:used;size:medium,used black rubber sliders of medium size,footwear_black_sliders_0001,
DL_Group_4/Footwear_Black_Sliders_footwear_black_sliders_0002.jpg,footwear_black_sliders,color:black;material:rubber;condition:used;size:medium,used black rubber sliders of medium size,footwear_black_sliders_0002,
DL_Group_4/Footwear_Black_Sliders_footwear_black_sliders_0003.jpg,footwear_black_sliders,color:black;material:rubber;condition:used;size:medium,used black rubber sliders of medium size,footwear_black_sliders_0003,
DL_Group_4/Footwear_Black_Sliders_footwear_black_sliders_0004.jpg,footwear_black_sliders,color:black;material:rubber;condition:used;size:medium,used black rubber sliders of medium size,footwear_black_sliders_0004,
DL_Group_4/Footwear_Black_Sliders_footwear_black_sliders_0005.jpg,footwear_black_sliders,color:black;material:rubber;condition:used;size:medium,used black rubber sliders of medium size,footwear_black_sliders_0005,
DL_Group_4/Footwear_Black_Slippers_footwear_black_slippers_0001.jpg,footwear_black_slippers,color:black;material:rubber;condition:used;size:medium,used black rubber medium slippers,footwear_black_slippers_0001,
DL_Group_4/Footwear_Black_Slippers_footwear_black_slippers_0002.jpg,footwear_black_slippers,color:black;material:rubber;condition:used;size:medium,used black rubber medium slippers,footwear_black_slippers_0002,
DL_Group_4/Footwear_Black_Slippers_footwear_black_slippers_0003.jpg,footwear_black_slippers,color:black;material:rubber;condition:used;size:medium,used black rubber medium slippers,footwear_black_slippers_0003,
DL_Group_4/Footwear_Black_Slippers_footwear_black_slippers_0004.jpg,footwear_black_slippers,color:black;material:rubber;condition:used;size:medium,used black rubber medium slippers,footwear_black_slippers_0004,
DL_Group_4/Footwear_Black_Slippers_footwear_black_slippers_0005.jpg,footwear_black_slippers,color:black;material:rubber;condition:used;size:medium,used black rubber medium slippers,footwear_black_slippers_0005,
DL_Group_4/Footwear_Blue_Crocs_footwear_blue_crocs_0001.jpg,footwear_blue_crocs,color:blue;material:rubber;condition:used;size:medium,a used blue rubber crocs with medium size,footwear_blue_crocs_0001,
DL_Group_4/Footwear_Blue_Crocs_footwear_blue_crocs_0002.jpg,footwear_blue_crocs,color:blue;material:rubber;condition:used;size:medium,a used blue rubber crocs with medium size,footwear_blue_crocs_0002,
DL_Group_4/Footwear_Blue_Crocs_footwear_blue_crocs_0003.jpg,footwear_blue_crocs,color:blue;material:rubber;condition:used;size:medium,a used blue rubber crocs with medium size,footwear_blue_crocs_0003,
DL_Group_4/Footwear_Blue_Crocs_footwear_blue_crocs_0004.jpg,footwear_blue_crocs,color:blue;material:rubber;condition:used;size:medium,a used blue rubber crocs with medium size,footwear_blue_crocs_0004,
DL_Group_4/Footwear_Blue_Crocs_footwear_blue_crocs_0005.jpg,footwear_blue_crocs,color:blue;material:rubber;condition:used;size:medium,a used blue rubber crocs with medium size,footwear_blue_crocs_0005,
DL_Group_4/Footwear_Green_Shoes_footwear_green_shoes_0001.jpg,footwear_green_shoes,color:grey;material:synthetic;condition:used;size:medium,grey synthetic used medium footwear shoes,footwear_green_shoes_0001,
DL_Group_4/Footwear_Green_Shoes_footwear_green_shoes_0002.jpg,footwear_green_shoes,color:grey;material:synthetic;condition:used;size:medium,grey synthetic used medium footwear shoes,footwear_green_shoes_0002,
DL_Group_4/Footwear_Green_Shoes_footwear_green_shoes_0003.jpg,footwear_green_shoes,color:grey;material:synthetic;condition:used;size:medium,grey synthetic used medium footwear shoes,footwear_green_shoes_0003,
DL_Group_4/Footwear_Green_Shoes_footwear_green_shoes_0004.jpg,footwear_green_shoes,color:grey;material:synthetic;condition:used;size:medium,grey synthetic used medium footwear shoes,footwear_green_shoes_0004,
DL_Group_4/Footwear_Green_Shoes_footwear_green_shoes_0005.jpg,footwear_green_shoes,color:grey;material:synthetic;condition:used;size:medium,grey synthetic used medium footwear shoes,footwear_green_shoes_0005,
DL_Group_4/Footwear_GreyNeon_Shoes_footwear_greyneon_shoes_0001.jpg,footwear_greyneon_shoes,color:grey;material:synthetic;condition:used;size:medium,grey synthetic used shoes with a medium size,footwear_greyneon_shoes_0001,
DL_Group_4/Footwear_GreyNeon_Shoes_footwear_greyneon_shoes_0002.jpg,footwear_greyneon_shoes,color:grey;material:synthetic;condition:used;size:medium,grey synthetic used shoes with a medium size,footwear_greyneon_shoes_0002,
DL_Group_4/Footwear_GreyNeon_Shoes_footwear_greyneon_shoes_0003.jpg,footwear_greyneon_shoes,color:grey;material:synthetic;condition:used;size:medium,grey synthetic used shoes with a medium size,footwear_greyneon_shoes_0003,
DL_Group_4/Footwear_GreyNeon_Shoes_footwear_greyneon_shoes_0004.jpg,footwear_greyneon_shoes,color:grey;material:synthetic;condition:used;size:medium,grey synthetic used shoes with a medium size,footwear_greyneon_shoes_0004,
DL_Group_4/Footwear_GreyNeon_Shoes_footwear_greyneon_shoes_0005.jpg,footwear_greyneon_shoes,color:grey;material:synthetic;condition:used;size:medium,grey synthetic used shoes with a medium size,footwear_greyneon_shoes_0005,
DL_Group_4/Footwear_Grey_Shoes_footwear_grey_shoes_0001.jpg,footwear_grey_shoes,color:grey;material:synthetic;condition:used;size:medium,grey synthetic used medium footwear shoes,footwear_grey_shoes_0001,
DL_Group_4/Footwear_Grey_Shoes_footwear_grey_shoes_0002.jpg,footwear_grey_shoes,color:grey;material:synthetic;condition:used;size:medium,grey synthetic used medium footwear shoes,footwear_grey_shoes_0002,
DL_Group_4/Footwear_Grey_Shoes_footwear_grey_shoes_0003.jpg,footwear_grey_shoes,color:grey;material:synthetic;condition:used;size:medium,grey synthetic used medium footwear shoes,footwear_grey_shoes_0003,
DL_Group_4/Footwear_Grey_Shoes_footwear_grey_shoes_0004.jpg,footwear_grey_shoes,color:grey;material:synthetic;condition:used;size:medium,grey synthetic used medium footwear shoes,footwear_grey_shoes_0004,
DL_Group_4/Footwear_Grey_Shoes_footwear_grey_shoes_0005.jpg,footwear_grey_shoes,color:grey;material:synthetic;condition:used;size:medium,grey synthetic used medium footwear shoes,footwear_grey_shoes_0005,
DL_Group_4/Footwear_Grey_Sliders_footwear_grey_sliders_0001.jpg,footwear_grey_sliders,color:grey;material:rubber;condition:used;size:medium,used grey rubber sliders of medium size,footwear_grey_sliders_0001,
DL_Group_4/Footwear_Grey_Sliders_footwear_grey_sliders_0002.jpg,footwear_grey_sliders,color:grey;material:rubber;condition:used;size:medium,used grey rubber sliders of medium size,footwear_grey_sliders_0002,
DL_Group_4/Footwear_Grey_Sliders_footwear_grey_sliders_0003.jpg,footwear_grey_sliders,color:grey;material:rubber;condition:used;size:medium,used grey rubber sliders of medium size,footwear_grey_sliders_0003,
DL_Group_4/Footwear_Grey_Sliders_footwear_grey_sliders_0004.jpg,footwear_grey_sliders,color:grey;material:rubber;condition:used;size:medium,used grey rubber sliders of medium size,footwear_grey_sliders_0004,
DL_Group_4/Footwear_Grey_Sliders_footwear_grey_sliders_0005.jpg,footwear_grey_sliders,color:grey;material:rubber;condition:used;size:medium,used grey rubber sliders of medium size,footwear_grey_sliders_0005,
DL_Group_4/Footwear_NavyBlue_Crocs_footwear_navyblue_crocs_0001.jpg,footwear_navyblue_crocs,color:blue;material:rubber;condition:used;size:medium,used navy blue rubber crocs of medium size,footwear_navyblue_crocs_0001,
DL_Group_4/Footwear_NavyBlue_Crocs_footwear_navyblue_crocs_0002.jpg,footwear_navyblue_crocs,color:blue;material:rubber;condition:used;size:medium,used navy blue rubber crocs of medium size,footwear_navyblue_crocs_0002,
DL_Group_4/Footwear_NavyBlue_Crocs_footwear_navyblue_crocs_0003.jpg,footwear_navyblue_crocs,color:blue;material:rubber;condition:used;size:medium,used navy blue rubber crocs of medium size,footwear_navyblue_crocs_0003,
DL_Group_4/Footwear_NavyBlue_Crocs_footwear_navyblue_crocs_0004.jpg,footwear_navyblue_crocs,color:blue;material:rubber;condition:used;size:medium,used navy blue rubber crocs of medium size,footwear_navyblue_crocs_0004,
DL_Group_4/Footwear_NavyBlue_Crocs_footwear_navyblue_crocs_0005.jpg,footwear_navyblue_crocs,color:blue;material:rubber;condition:used;size:medium,used navy blue rubber crocs of medium size,footwear_navyblue_crocs_0005,
DL_Group_4/Footwear_NavyBlue_Shoes_footwear_navyblue_shoes_0001.jpg,footwear_navyblue_shoes,color:blue;material:synthetic;condition:used;size:medium,used medium navy blue synthetic shoes,footwear_navyblue_shoes_0001,
DL_Group_4/Footwear_NavyBlue_Shoes_footwear_navyblue_shoes_0002.jpg,footwear_navyblue_shoes,color:blue;material:synthetic;condition:used;size:medium,used medium navy blue synthetic shoes,footwear_navyblue_shoes_0002,
DL_Group_4/Footwear_NavyBlue_Shoes_footwear_navyblue_shoes_0003.jpg,footwear_navyblue_shoes,color:blue;material:synthetic;condition:used;size:medium,used medium navy blue synthetic shoes,footwear_navyblue_shoes_0003,
DL_Group_4/Footwear_NavyBlue_Shoes_footwear_navyblue_shoes_0004.jpg,footwear_navyblue_shoes,color:blue;material:synthetic;condition:used;size:medium,used medium navy blue synthetic shoes,footwear_navyblue_shoes_0004,
DL_Group_4/Footwear_NavyBlue_Shoes_footwear_navyblue_shoes_0005.jpg,footwear_navyblue_shoes,color:blue;material:synthetic;condition:used;size:medium,used medium navy blue synthetic shoes,footwear_navyblue_shoes_0005,
DL_Group_4/Footwear_Red_Shoes_footwear_red_shoes_0001.jpg,footwear_red_shoes,color:red;material:synthetic;condition:used;size:medium,a used red synthetic footwear with a medium size,footwear_red_shoes_0001,
DL_Group_4/Footwear_Red_Shoes_footwear_red_shoes_0002.jpg,footwear_red_shoes,color:red;material:synthetic;condition:used;size:medium,a used red synthetic footwear with a medium size,footwear_red_shoes_0002,
DL_Group_4/Footwear_Red_Shoes_footwear_red_shoes_0003.jpg,footwear_red_shoes,color:red;material:synthetic;condition:used;size:medium,a used red synthetic footwear with a medium size,footwear_red_shoes_0003,
DL_Group_4/Footwear_Red_Shoes_footwear_red_shoes_0004.jpg,footwear_red_shoes,color:red;material:synthetic;condition:used;size:medium,a used red synthetic footwear with a medium size,footwear_red_shoes_0004,
DL_Group_4/Footwear_Red_Shoes_footwear_red_shoes_0005.jpg,footwear_red_shoes,color:red;material:synthetic;condition:used;size:medium,a used red synthetic footwear with a medium size,footwear_red_shoes_0005,
DL_Group_4/Footwear_White_Slippers_footwear_white_slippers_0001.jpg,footwear_white_slippers,color:white;material:synthetic;condition:used;size:medium,used white synthetic slippers with a medium size,footwear_white_slippers_0001,
DL_Group_4/Footwear_White_Slippers_footwear_white_slippers_0002.jpg,footwear_white_slippers,color:white;material:synthetic;condition:used;size:medium,used white synthetic slippers with a medium size,footwear_white_slippers_0002,
DL_Group_4/Footwear_White_Slippers_footwear_white_slippers_0003.jpg,footwear_white_slippers,color:white;material:synthetic;condition:used;size:medium,used white synthetic slippers with a medium size,footwear_white_slippers_0003,
DL_Group_4/Footwear_White_Slippers_footwear_white_slippers_0004.jpg,footwear_white_slippers,color:white;material:synthetic;condition:used;size:medium,used white synthetic slippers with a medium size,footwear_white_slippers_0004,
DL_Group_4/Footwear_White_Slippers_footwear_white_slippers_0005.jpg,footwear_white_slippers,color:white;material:synthetic;condition:used;size:medium,used white synthetic slippers with a medium size,footwear_white_slippers_0005,
DL_Group_4/Personal Accesories_Bar_Soap_personal_accesories_bar_soap_0001.jpg,personal_accesories_bar_soap,color:yellow;material:plastic;condition:new;size:small,a new yellow colored soap bar with small size,personal_accesories_bar_soap_0001,
DL_Group_4/Personal Accesories_Bar_Soap_personal_accesories_bar_soap_0002.jpg,personal_accesories_bar_soap,color:yellow;material:plastic;condition:new;size:small,a new yellow colored soap bar with small size,personal_accesories_bar_soap_0002,
DL_Group_4/Personal Accesories_Bar_Soap_personal_accesories_bar_soap_0003.jpg,personal_accesories_bar_soap,color:yellow;material:plastic;condition:new;size:small,a new yellow colored soap bar with small size,personal_accesories_bar_soap_0003,
DL_Group_4/Personal Accesories_Bar_Soap_personal_accesories_bar_soap_0004.jpg,personal_accesories_bar_soap,color:yellow;material:plastic;condition:new;size:small,a new yellow colored soap bar with small size,personal_accesories_bar_soap_0004,
DL_Group_4/Personal Accesories_Bar_Soap_personal_accesories_bar_soap_0005.jpg,personal_accesories_bar_soap,color:yellow;material:plastic;condition:new;size:small,a new yellow colored soap bar with small size,personal_accesories_bar_soap_0005,
DL_Group_4/Personal Accesories_Black_Deodarant_personal_accesories_black_deodarant_0001.jpg,personal_accesories_black_deodarant,color:black;material:plastic;condition:new;size:small,a new small black deodorant with plain pattern,personal_accesories_black_deodarant_0001,
DL_Group_4/Personal Accesories_Black_Deodarant_personal_accesories_black_deodarant_0002.jpg,personal_accesories_black_deodarant,color:black;material:plastic;condition:new;size:small,a new small black deodorant with plain pattern,personal_accesories_black_deodarant_0002,
DL_Group_4/Personal Accesories_Black_Deodarant_personal_accesories_black_deodarant_0003.jpg,personal_accesories_black_deodarant,color:black;material:plastic;condition:new;size:small,a new small black deodorant with plain pattern,personal_accesories_black_deodarant_0003,
DL_Group_4/Personal Accesories_Black_Deodarant_personal_accesories_black_deodarant_0004.jpg,personal_accesories_black_deodarant,color:black;material:plastic;condition:new;size:small,a new small black deodorant with plain pattern,personal_accesories_black_deodarant_0004,
DL_Group_4/Personal Accesories_Black_Deodarant_personal_accesories_black_deodarant_0005.jpg,personal_accesories_black_deodarant,color:black;material:plastic;condition:new;size:small,a new small black deodorant with plain pattern,personal_accesories_black_deodarant_0005,
DL_Group_4/Personal Accesories_Blue_Deodarant_personal_accesories_blue_deodarant_0001.jpg,personal_accesories_blue_deodarant,color:blue;material:plastic;condition:new;size:small,a new small blue deodorant with plain pattern,personal_accesories_blue_deodarant_0001,
DL_Group_4/Personal Accesories_Blue_Deodarant_personal_accesories_blue_deodarant_0002.jpg,personal_accesories_blue_deodarant,color:blue;material:plastic;condition:new;size:small,a new small blue deodorant with plain pattern,personal_accesories_blue_deodarant_0002,
DL_Group_4/Personal Accesories_Blue_Deodarant_personal_accesories_blue_deodarant_0003.jpg,personal_accesories_blue_deodarant,color:blue;material:plastic;condition:new;size:small,a new small blue deodorant with plain pattern,personal_accesories_blue_deodarant_0003,
DL_Group_4/Personal Accesories_Blue_Deodarant_personal_accesories_blue_deodarant_0004.jpg,personal_accesories_blue_deodarant,color:blue;material:plastic;condition:new;size:small,a new small blue deodorant with plain pattern,personal_accesories_blue_deodarant_0004,
DL_Group_4/Personal Accesories_Blue_Deodarant_personal_accesories_blue_deodarant_0005.jpg,personal_accesories_blue_deodarant,color:blue;material:plastic;condition:new;size:small,a new small blue deodorant with plain pattern,personal_accesories_blue_deodarant_0005,
DL_Group_4/Personal Accesories_HairCream_personal_accesories_haircream_0001.jpg,personal_accesories_haircream,color:green;material:plastic;condition:used;size:small,a used small green plastic hair cream,personal_accesories_haircream_0001,
DL_Group_4/Personal Accesories_HairCream_personal_accesories_haircream_0002.jpg,personal_accesories_haircream,color:green;material:plastic;condition:used;size:small,a used small green plastic hair cream,personal_accesories_haircream_0002,
DL_Group_4/Personal Accesories_HairCream_personal_accesories_haircream_0003.jpg,personal_accesories_haircream,color:green;material:plastic;condition:used;size:small,a used small green plastic hair cream,personal_accesories_haircream_0003,
DL_Group_4/Personal Accesories_HairCream_personal_accesories_haircream_0004.jpg,personal_accesories_haircream,color:green;material:plastic;condition:used;size:small,a used small green plastic hair cream,personal_accesories_haircream_0004,
DL_Group_4/Personal Accesories_HairCream_personal_accesories_haircream_0005.jpg,personal_accesories_haircream,color:green;material:plastic;condition:used;size:small,a used small green plastic hair cream,personal_accesories_haircream_0005,
DL_Group_4/Personal Accesories_Hair_Shampoo_personal_accesories_hair_shampoo_0001.jpg,personal_accesories_hair_shampoo,color:maroon;material:plastic;condition:used;size:medium,a used medium maroon plastic hair shampoo bottle,personal_accesories_hair_shampoo_0001,
DL_Group_4/Personal Accesories_Hair_Shampoo_personal_accesories_hair_shampoo_0002.jpg,personal_accesories_hair_shampoo,color:maroon;material:plastic;condition:used;size:medium,a used medium maroon plastic hair shampoo bottle,personal_accesories_hair_shampoo_0002,
DL_Group_4/Personal Accesories_Hair_Shampoo_personal_accesories_hair_shampoo_0003.jpg,personal_accesories_hair_shampoo,color:maroon;material:plastic;condition:used;size:medium,a used medium maroon plastic hair shampoo bottle,personal_accesories_hair_shampoo_0003,
DL_Group_4/Personal Accesories_Hair_Shampoo_personal_accesories_hair_shampoo_0004.jpg,personal_accesories_hair_shampoo,color:maroon;material:plastic;condition:used;size:medium,a used medium maroon plastic hair shampoo bottle,personal_accesories_hair_shampoo_0004,
DL_Group_4/Personal Accesories_Hair_Shampoo_personal_accesories_hair_shampoo_0005.jpg,personal_accesories_hair_shampoo,color:maroon;material:plastic;condition:used;size:medium,a used medium maroon plastic hair shampoo bottle,personal_accesories_hair_shampoo_0005,
DL_Group_4/Personal Accesories_Lip_Balm_personal_accesories_lip_balm_0001.jpg,personal_accesories_lip_balm,color:red;material:plastic;condition:used;size:small,a used small red lip balm of plastic material,personal_accesories_lip_balm_0001,
DL_Group_4/Personal Accesories_Lip_Balm_personal_accesories_lip_balm_0002.jpg,personal_accesories_lip_balm,color:red;material:plastic;condition:used;size:small,a used small red lip balm of plastic material,personal_accesories_lip_balm_0002,
DL_Group_4/Personal Accesories_Lip_Balm_personal_accesories_lip_balm_0003.jpg,personal_accesories_lip_balm,color:red;material:plastic;condition:used;size:small,a used small red lip balm of plastic material,personal_accesories_lip_balm_0003,
DL_Group_4/Personal Accesories_Lip_Balm_personal_accesories_lip_balm_0004.jpg,personal_accesories_lip_balm,color:red;material:plastic;condition:used;size:small,a used small red lip balm of plastic material,personal_accesories_lip_balm_0004,
DL_Group_4/Personal Accesories_Lip_Balm_personal_accesories_lip_balm_0005.jpg,personal_accesories_lip_balm,color:red;material:plastic;condition:used;size:small,a used small red lip balm of plastic material,personal_accesories_lip_balm_0005,
DL_Group_4/Personal Accesories_Moisturizer_personal_accesories_moisturizer_0001.jpg,personal_accesories_moisturizer,color:blue;material:plastic;condition:used;size:medium,a used medium blue plastic moisturizer,personal_accesories_moisturizer_0001,
DL_Group_4/Personal Accesories_Moisturizer_personal_accesories_moisturizer_0002.jpg,personal_accesories_moisturizer,color:blue;material:plastic;condition:used;size:medium,a used medium blue plastic moisturizer,personal_accesories_moisturizer_0002,
DL_Group_4/Personal Accesories_Moisturizer_personal_accesories_moisturizer_0003.jpg,personal_accesories_moisturizer,color:blue;material:plastic;condition:used;size:medium,a used medium blue plastic moisturizer,personal_accesories_moisturizer_0003,
DL_Group_4/Personal Accesories_Moisturizer_personal_accesories_moisturizer_0004.jpg,personal_accesories_moisturizer,color:blue;material:plastic;condition:used;size:medium,a used medium blue plastic moisturizer,personal_accesories_moisturizer_0004,
DL_Group_4/Personal Accesories_Moisturizer_personal_accesories_moisturizer_0005.jpg,personal_accesories_moisturizer,color:blue;material:plastic;condition:used;size:medium,a used medium blue plastic moisturizer,personal_accesories_moisturizer_0005,
DL_Group_4/Personal Accesories_Nivea_Facewash_personal_accesories_nivea_facewash_0001.jpg,personal_accesories_nivea_facewash,color:blue;material:plastic;condition:used;size:small,a used small blue nivea facewash with plastic material,personal_accesories_nivea_facewash_0001,
DL_Group_4/Personal Accesories_Nivea_Facewash_personal_accesories_nivea_facewash_0002.jpg,personal_accesories_nivea_facewash,color:blue;material:plastic;condition:used;size:small,a used small blue nivea facewash with plastic material,personal_accesories_nivea_facewash_0002,
DL_Group_4/Personal Accesories_Nivea_Facewash_personal_accesories_nivea_facewash_0003.jpg,personal_accesories_nivea_facewash,color:blue;material:plastic;condition:used;size:small,a used small blue nivea facewash with plastic material,personal_accesories_nivea_facewash_0003,
DL_Group_4/Personal Accesories_Nivea_Facewash_personal_accesories_nivea_facewash_0004.jpg,personal_accesories_nivea_facewash,color:blue;material:plastic;condition:used;size:small,a used small blue nivea facewash with plastic material,personal_accesories_nivea_facewash_0004,
DL_Group_4/Personal Accesories_Nivea_Facewash_personal_accesories_nivea_facewash_0005.jpg,personal_accesories_nivea_facewash,color:blue;material:plastic;condition:used;size:small,a used small blue nivea facewash with plastic material,personal_accesories_nivea_facewash_0005,
DL_Group_4/Personal Accesories_Shampoo_personal_accesories_shampoo_0001.jpg,personal_accesories_shampoo,color:white;material:plastic;condition:used;size:small,a used small white plastic shampoo bottle,personal_accesories_shampoo_0001,
DL_Group_4/Personal Accesories_Shampoo_personal_accesories_shampoo_0002.jpg,personal_accesories_shampoo,color:white;material:plastic;condition:used;size:small,a used small white plastic shampoo bottle,personal_accesories_shampoo_0002,
DL_Group_4/Personal Accesories_Shampoo_personal_accesories_shampoo_0003.jpg,personal_accesories_shampoo,color:white;material:plastic;condition:used;size:small,a used small white plastic shampoo bottle,personal_accesories_shampoo_0003,
DL_Group_4/Personal Accesories_Shampoo_personal_accesories_shampoo_0004.jpg,personal_accesories_shampoo,color:white;material:plastic;condition:used;size:small,a used small white plastic shampoo bottle,personal_accesories_shampoo_0004,
DL_Group_4/Personal Accesories_Shampoo_personal_accesories_shampoo_0005.jpg,personal_accesories_shampoo,color:white;material:plastic;condition:used;size:small,a used small white plastic shampoo bottle,personal_accesories_shampoo_0005,
DL_Group_4/Personal Accesories_Sunscreen_personal_accesories_sunscreen_0001.jpg,personal_accesories_sunscreen,color:white;material:plastic;condition:used;size:small,a used white sunscreen with closed lid,personal_accesories_sunscreen_0001,
DL_Group_4/Personal Accesories_Sunscreen_personal_accesories_sunscreen_0002.jpg,personal_accesories_sunscreen,color:white;material:plastic;condition:used;size:small,a used white sunscreen with closed lid,personal_accesories_sunscreen_0002,
DL_Group_4/Personal Accesories_Sunscreen_personal_accesories_sunscreen_0003.jpg,personal_accesories_sunscreen,color:white;material:plastic;condition:used;size:small,a used white sunscreen with closed lid,personal_accesories_sunscreen_0003,
DL_Group_4/Personal Accesories_Sunscreen_personal_accesories_sunscreen_0004.jpg,personal_accesories_sunscreen,color:white;material:plastic;condition:used;size:small,a used white sunscreen with closed lid,personal_accesories_sunscreen_0004,
DL_Group_4/Personal Accesories_Sunscreen_personal_accesories_sunscreen_0005.jpg,personal_accesories_sunscreen,color:white;material:plastic;condition:used;size:small,a used white sunscreen with closed lid,personal_accesories_sunscreen_0005,
DL_Group_4/Personal Accesories_Toothbrush_personal_accesories_toothbrush_0001.jpg,personal_accesories_toothbrush,color:orange;material:plastic;condition:used;size:small,a used small orange plastic toothbrush,personal_accesories_toothbrush_0001,
DL_Group_4/Personal Accesories_Toothbrush_personal_accesories_toothbrush_0002.jpg,personal_accesories_toothbrush,color:orange;material:plastic;condition:used;size:small,a used small orange plastic toothbrush,personal_accesories_toothbrush_0002,
DL_Group_4/Personal Accesories_Toothbrush_personal_accesories_toothbrush_0003.jpg,personal_accesories_toothbrush,color:orange;material:plastic;condition:used;size:small,a used small orange plastic toothbrush,personal_accesories_toothbrush_0003,
DL_Group_4/Personal Accesories_Toothbrush_personal_accesories_toothbrush_0004.jpg,personal_accesories_toothbrush,color:orange;material:plastic;condition:used;size:small,a used small orange plastic toothbrush,personal_accesories_toothbrush_0004,
DL_Group_4/Personal Accesories_Toothbrush_personal_accesories_toothbrush_0005.jpg,personal_accesories_toothbrush,color:orange;material:plastic;condition:used;size:small,a used small orange plastic toothbrush,personal_accesories_toothbrush_0005,
DL_Group_4/Personal Accesories_Toothpaste_personal_accesories_toothpaste_0001.jpg,personal_accesories_toothpaste,color:red;material:plastic;condition:used;size:small,a used red colored toothpaste with small size,personal_accesories_toothpaste_0001,
DL_Group_4/Personal Accesories_Toothpaste_personal_accesories_toothpaste_0002.jpg,personal_accesories_toothpaste,color:red;material:plastic;condition:used;size:small,a used red colored toothpaste with small size,personal_accesories_toothpaste_0002,
DL_Group_4/Personal Accesories_Toothpaste_personal_accesories_toothpaste_0003.jpg,personal_accesories_toothpaste,color:red;material:plastic;condition:used;size:small,a used red colored toothpaste with small size,personal_accesories_toothpaste_0003,
DL_Group_4/Personal Accesories_Toothpaste_personal_accesories_toothpaste_0004.jpg,personal_accesories_toothpaste,color:red;material:plastic;condition:used;size:small,a used red colored toothpaste with small size,personal_accesories_toothpaste_0004,
DL_Group_4/Personal Accesories_Toothpaste_personal_accesories_toothpaste_0005.jpg,personal_accesories_toothpaste,color:red;material:plastic;condition:used;size:small,a used red colored toothpaste with small size,personal_accesories_toothpaste_0005,
DL_Group_4/Sports_Chess Board_sports_chess_board_0001.JPG,sports_chess_board,color:brown;material:wood;condition:used;size:medium,a used medium brown wooden chess board,sports_chess_board_0001,
DL_Group_4/Sports_Chess Board_sports_chess_board_0002.JPG,sports_chess_board,color:brown;material:wood;condition:used;size:medium,a used medium brown wooden chess board,sports_chess_board_0002,
DL_Group_4/Sports_Chess Board_sports_chess_board_0003.JPG,sports_chess_board,color:brown;material:wood;condition:used;size:medium,a used medium brown wooden chess board,sports_chess_board_0003,
DL_Group_4/Sports_Chess Board_sports_chess_board_0004.JPG,sports_chess_board,color:brown;material:wood;condition:used;size:medium,a used medium brown wooden chess board,sports_chess_board_0004,
DL_Group_4/Sports_Chess Board_sports_chess_board_0005.JPG,sports_chess_board,color:brown;material:wood;condition:used;size:medium,a used medium brown wooden chess board,sports_chess_board_0005,
DL_Group_4/Sports_cricket ball_sports_cricket_ball_0001.jpg,sports_cricket_ball,color:red;material:leather;condition:used;size:small,a used red leather cricket ball of small size,sports_cricket_ball_0001,
DL_Group_4/Sports_cricket ball_sports_cricket_ball_0002.jpg,sports_cricket_ball,color:red;material:leather;condition:used;size:small,a used red leather cricket ball of small size,sports_cricket_ball_0002,
DL_Group_4/Sports_cricket ball_sports_cricket_ball_0003.jpg,sports_cricket_ball,color:red;material:leather;condition:used;size:small,a used red leather cricket ball of small size,sports_cricket_ball_0003,
DL_Group_4/Sports_cricket ball_sports_cricket_ball_0004.jpg,sports_cricket_ball,color:red;material:leather;condition:used;size:small,a used red leather cricket ball of small size,sports_cricket_ball_0004,
DL_Group_4/Sports_cricket ball_sports_cricket_ball_0005.jpg,sports_cricket_ball,color:red;material:leather;condition:used;size:small,a used red leather cricket ball of small size,sports_cricket_ball_0005,
DL_Group_4/Sports_Cricket Bat_sports_cricket_bat_0001.JPG,sports_cricket_bat,color:brown;material:wood;condition:used;size:large,a used large brown wooden cricket bat,sports_cricket_bat_0001,
DL_Group_4/Sports_Cricket Bat_sports_cricket_bat_0002.JPG,sports_cricket_bat,color:brown;material:wood;condition:used;size:large,a used large brown wooden cricket bat,sports_cricket_bat_0002,
DL_Group_4/Sports_Cricket Bat_sports_cricket_bat_0003.JPG,sports_cricket_bat,color:brown;material:wood;condition:used;size:large,a used large brown wooden cricket bat,sports_cricket_bat_0003,
DL_Group_4/Sports_Cricket Bat_sports_cricket_bat_0004.JPG,sports_cricket_bat,color:brown;material:wood;condition:used;size:large,a used large brown wooden cricket bat,sports_cricket_bat_0004,
DL_Group_4/Sports_Cricket Bat_sports_cricket_bat_0005.JPG,sports_cricket_bat,color:brown;material:wood;condition:used;size:large,a used large brown wooden cricket bat,sports_cricket_bat_0005,
DL_Group_4/Sports_gloves_sports_gloves_0001.jpg,sports_gloves,color:white;material:synthetic;condition:used;size:small,a used white synthetic small sports gloves,sports_gloves_0001,
DL_Group_4/Sports_gloves_sports_gloves_0002.jpg,sports_gloves,color:white;material:synthetic;condition:used;size:small,a used white synthetic small sports gloves,sports_gloves_0002,
DL_Group_4/Sports_gloves_sports_gloves_0003.jpg,sports_gloves,color:white;material:synthetic;condition:used;size:small,a used white synthetic small sports gloves,sports_gloves_0003,
DL_Group_4/Sports_gloves_sports_gloves_0004.jpg,sports_gloves,color:white;material:synthetic;condition:used;size:small,a used white synthetic small sports gloves,sports_gloves_0004,
DL_Group_4/Sports_gloves_sports_gloves_0005.jpg,sports_gloves,color:white;material:synthetic;condition:used;size:small,a used white synthetic small sports gloves,sports_gloves_0005,
DL_Group_4/Sports_Handball_sports_handball_0001.JPG,sports_handball,color:white;material:rubber;condition:used;size:small,a used small white rubber handball,sports_handball_0001,
DL_Group_4/Sports_Handball_sports_handball_0002.JPG,sports_handball,color:white;material:rubber;condition:used;size:small,a used small white rubber handball,sports_handball_0002,
DL_Group_4/Sports_Handball_sports_handball_0003.JPG,sports_handball,color:white;material:rubber;condition:used;size:small,a used small white rubber handball,sports_handball_0003,
DL_Group_4/Sports_Handball_sports_handball_0004.JPG,sports_handball,color:white;material:rubber;condition:used;size:small,a used small white rubber handball,sports_handball_0004,
DL_Group_4/Sports_Handball_sports_handball_0005.JPG,sports_handball,color:white;material:rubber;condition:used;size:small,a used small white rubber handball,sports_handball_0005,
DL_Group_4/Sports_helmet_sports_helmet_0001.jpg,sports_helmet,color:blue;material:metal;condition:new;size:medium,a new blue metal sports helmet of medium size,sports_helmet_0001,
DL_Group_4/Sports_helmet_sports_helmet_0002.jpg,sports_helmet,color:blue;material:metal;condition:new;size:medium,a new blue metal sports helmet of medium size,sports_helmet_0002,
DL_Group_4/Sports_helmet_sports_helmet_0003.jpg,sports_helmet,color:blue;material:metal;condition:new;size:medium,a new blue metal sports helmet of medium size,sports_helmet_0003,
DL_Group_4/Sports_helmet_sports_helmet_0004.jpg,sports_helmet,color:blue;material:metal;condition:new;size:medium,a new blue metal sports helmet of medium size,sports_helmet_0004,
DL_Group_4/Sports_helmet_sports_helmet_0005.jpg,sports_helmet,color:blue;material:metal;condition:new;size:medium,a new blue metal sports helmet of medium size,sports_helmet_0005,
DL_Group_4/Sports_resistance band_sports_resistance_band_0001.jpg,sports_resistance_band,color:red;material:rubber;condition:new;size:medium,a new red rubber resistance band of medium size,sports_resistance_band_0001,
DL_Group_4/Sports_resistance band_sports_resistance_band_0002.jpg,sports_resistance_band,color:red;material:rubber;condition:new;size:medium,a new red rubber resistance band of medium size,sports_resistance_band_0002,
DL_Group_4/Sports_resistance band_sports_resistance_band_0003.jpg,sports_resistance_band,color:red;material:rubber;condition:new;size:medium,a new red rubber resistance band of medium size,sports_resistance_band_0003,
DL_Group_4/Sports_resistance band_sports_resistance_band_0004.jpg,sports_resistance_band,color:red;material:rubber;condition:new;size:medium,a new red rubber resistance band of medium size,sports_resistance_band_0004,
DL_Group_4/Sports_resistance band_sports_resistance_band_0005.jpg,sports_resistance_band,color:red;material:rubber;condition:new;size:medium,a new red rubber resistance band of medium size,sports_resistance_band_0005,
DL_Group_4/Sports_Shuttlecock_sports_shuttlecock_0001.JPG,sports_shuttlecock,color:green;material:plastic;condition:new;size:small,a new green colored small plastic shuttlecock,sports_shuttlecock_0001,
DL_Group_4/Sports_Shuttlecock_sports_shuttlecock_0002.JPG,sports_shuttlecock,color:green;material:plastic;condition:new;size:small,a new green colored small plastic shuttlecock,sports_shuttlecock_0002,
DL_Group_4/Sports_Shuttlecock_sports_shuttlecock_0003.JPG,sports_shuttlecock,color:green;material:plastic;condition:new;size:small,a new green colored small plastic shuttlecock,sports_shuttlecock_0003,
DL_Group_4/Sports_Shuttlecock_sports_shuttlecock_0004.JPG,sports_shuttlecock,color:green;material:plastic;condition:new;size:small,a new green colored small plastic shuttlecock,sports_shuttlecock_0004,
DL_Group_4/Sports_Shuttlecock_sports_shuttlecock_0005.JPG,sports_shuttlecock,color:green;material:plastic;condition:new;size:small,a new green colored small plastic shuttlecock,sports_shuttlecock_0005,
DL_Group_4/Sports_table tennis_sports_table_tennis_0001.jpg,sports_table_tennis,color:red;material:rubber;condition:used;size:small,a used small red table tennis ball,sports_table_tennis_0001,
DL_Group_4/Sports_table tennis_sports_table_tennis_0002.jpg,sports_table_tennis,color:red;material:rubber;condition:used;size:small,a used small red table tennis ball,sports_table_tennis_0002,
DL_Group_4/Sports_table tennis_sports_table_tennis_0003.jpg,sports_table_tennis,color:red;material:rubber;condition:used;size:small,a used small red table tennis ball,sports_table_tennis_0003,
DL_Group_4/Sports_table tennis_sports_table_tennis_0004.jpg,sports_table_tennis,color:red;material:rubber;condition:used;size:small,a used small red table tennis ball,sports_table_tennis_0004,
DL_Group_4/Sports_table tennis_sports_table_tennis_0005.jpg,sports_table_tennis,color:red;material:rubber;condition:used;size:small,a used small red table tennis ball,sports_table_tennis_0005,
DL_Group_4/Sports_table tennis ball_sports_table_tennis_ball_0001.jpg,sports_table_tennis_ball,color:white;material:plastic;condition:new;size:small,a new white plastic sports table tennis ball,sports_table_tennis_ball_0001,
DL_Group_4/Sports_table tennis ball_sports_table_tennis_ball_0002.jpg,sports_table_tennis_ball,color:white;material:plastic;condition:new;size:small,a new white plastic sports table tennis ball,sports_table_tennis_ball_0002,
DL_Group_4/Sports_table tennis ball_sports_table_tennis_ball_0003.jpg,sports_table_tennis_ball,color:white;material:plastic;condition:new;size:small,a new white plastic sports table tennis ball,sports_table_tennis_ball_0003,
DL_Group_4/Sports_table tennis ball_sports_table_tennis_ball_0004.jpg,sports_table_tennis_ball,color:white;material:plastic;condition:new;size:small,a new white plastic sports table tennis ball,sports_table_tennis_ball_0004,
DL_Group_4/Sports_table tennis ball_sports_table_tennis_ball_0005.jpg,sports_table_tennis_ball,color:white;material:plastic;condition:new;size:small,a new white plastic sports table tennis ball,sports_table_tennis_ball_0005,
DL_Group_4/Sports_Tennis Ball_sports_tennis_ball_0001.JPG,sports_tennis_ball,color:green;material:rubber;condition:new;size:small,a new green rubber sports tennis ball in small size,sports_tennis_ball_0001,
DL_Group_4/Sports_Tennis Ball_sports_tennis_ball_0002.JPG,sports_tennis_ball,color:green;material:rubber;condition:new;size:small,a new green rubber sports tennis ball in small size,sports_tennis_ball_0002,
DL_Group_4/Sports_Tennis Ball_sports_tennis_ball_0003.JPG,sports_tennis_ball,color:green;material:rubber;condition:new;size:small,a new green rubber sports tennis ball in small size,sports_tennis_ball_0003,
DL_Group_4/Sports_Tennis Ball_sports_tennis_ball_0004.JPG,sports_tennis_ball,color:green;material:rubber;condition:new;size:small,a new green rubber sports tennis ball in small size,sports_tennis_ball_0004,
DL_Group_4/Sports_Tennis Ball_sports_tennis_ball_0005.JPG,sports_tennis_ball,color:green;material:rubber;condition:new;size:small,a new green rubber sports tennis ball in small size,sports_tennis_ball_0005,
DL_Group_4/Sports_yogamat_sports_yogamat_0001.jpg,sports_yogamat,color:blue;material:rubber;condition:used;size:medium,a used medium blue rubber yoga mat,sports_yogamat_0001,
DL_Group_4/Sports_yogamat_sports_yogamat_0002.jpg,sports_yogamat,color:blue;material:rubber;condition:used;size:medium,a used medium blue rubber yoga mat,sports_yogamat_0002,
DL_Group_4/Sports_yogamat_sports_yogamat_0003.jpg,sports_yogamat,color:blue;material:rubber;condition:used;size:medium,a used medium blue rubber yoga mat,sports_yogamat_0003,
DL_Group_4/Sports_yogamat_sports_yogamat_0004.jpg,sports_yogamat,color:blue;material:rubber;condition:used;size:medium,a used medium blue rubber yoga mat,sports_yogamat_0004,
DL_Group_4/Sports_yogamat_sports_yogamat_0005.jpg,sports_yogamat,color:blue;material:rubber;condition:used;size:medium,a used medium blue rubber yoga mat,sports_yogamat_0005,
DL_Group_4/stationery_compass_stationery_compass_0001.JPG,stationery_compass,color:silver;material:metal;condition:used;size:small,a used small silver metal compass,stationery_compass_0001,
DL_Group_4/stationery_compass_stationery_compass_0002.JPG,stationery_compass,color:silver;material:metal;condition:used;size:small,a used small silver metal compass,stationery_compass_0002,
DL_Group_4/stationery_compass_stationery_compass_0003.JPG,stationery_compass,color:silver;material:metal;condition:used;size:small,a used small silver metal compass,stationery_compass_0003,
DL_Group_4/stationery_compass_stationery_compass_0004.JPG,stationery_compass,color:silver;material:metal;condition:used;size:small,a used small silver metal compass,stationery_compass_0004,
DL_Group_4/stationery_compass_stationery_compass_0005.JPG,stationery_compass,color:silver;material:metal;condition:used;size:small,a used small silver metal compass,stationery_compass_0005,
DL_Group_4/stationery_divider_stationery_divider_0001.JPG,stationery_divider,color:silver;material:metal;condition:used;size:small,a used small silver metal stationery divider,stationery_divider_0001,
DL_Group_4/stationery_divider_stationery_divider_0002.JPG,stationery_divider,color:silver;material:metal;condition:used;size:small,a used small silver metal stationery divider,stationery_divider_0002,
DL_Group_4/stationery_divider_stationery_divider_0003.JPG,stationery_divider,color:silver;material:metal;condition:used;size:small,a used small silver metal stationery divider,stationery_divider_0003,
DL_Group_4/stationery_divider_stationery_divider_0004.JPG,stationery_divider,color:silver;material:metal;condition:used;size:small,a used small silver metal stationery divider,stationery_divider_0004,
DL_Group_4/stationery_divider_stationery_divider_0005.JPG,stationery_divider,color:silver;material:metal;condition:used;size:small,a used small silver metal stationery divider,stationery_divider_0005,
DL_Group_4/stationery_led pencil_stationery_led_pencil_0001.JPG,stationery_led_pencil,color:blue;material:plastic;condition:used;size:small,a used small blue plastic pencil with plain pattern,stationery_led_pencil_0001,
DL_Group_4/stationery_led pencil_stationery_led_pencil_0002.JPG,stationery_led_pencil,color:blue;material:plastic;condition:used;size:small,a used small blue plastic pencil with plain pattern,stationery_led_pencil_0002,
DL_Group_4/stationery_led pencil_stationery_led_pencil_0003.JPG,stationery_led_pencil,color:blue;material:plastic;condition:used;size:small,a used small blue plastic pencil with plain pattern,stationery_led_pencil_0003,
DL_Group_4/stationery_led pencil_stationery_led_pencil_0004.JPG,stationery_led_pencil,color:blue;material:plastic;condition:used;size:small,a used small blue plastic pencil with plain pattern,stationery_led_pencil_0004,
DL_Group_4/stationery_led pencil_stationery_led_pencil_0005.JPG,stationery_led_pencil,color:blue;material:plastic;condition:used;size:small,a used small blue plastic pencil with plain pattern,stationery_led_pencil_0005,
DL_Group_4/stationery_pen_stationery_pen_0001.JPG,stationery_pen,color:black;material:plastic;condition:used;size:small,a used small black plastic pen,stationery_pen_0001,
DL_Group_4/stationery_pen_stationery_pen_0002.JPG,stationery_pen,color:black;material:plastic;condition:used;size:small,a used small black plastic pen,stationery_pen_0002,
DL_Group_4/stationery_pen_stationery_pen_0003.JPG,stationery_pen,color:black;material:plastic;condition:used;size:small,a used small black plastic pen,stationery_pen_0003,
DL_Group_4/stationery_pen_stationery_pen_0004.JPG,stationery_pen,color:black;material:plastic;condition:used;size:small,a used small black plastic pen,stationery_pen_0004,
DL_Group_4/stationery_pencil_stationery_pencil_0001.JPG,stationery_pencil,color:red;material:wooden;condition:used;size:small,a used small red wooden pencil,stationery_pencil_0001,
DL_Group_4/stationery_pencil_stationery_pencil_0002.JPG,stationery_pencil,color:red;material:wooden;condition:used;size:small,a used small red wooden pencil,stationery_pencil_0002,
DL_Group_4/stationery_pencil_stationery_pencil_0003.JPG,stationery_pencil,color:red;material:wooden;condition:used;size:small,a used small red wooden pencil,stationery_pencil_0003,
DL_Group_4/stationery_pencil_stationery_pencil_0004.JPG,stationery_pencil,color:red;material:wooden;condition:used;size:small,a used small red wooden pencil,stationery_pencil_0004,
DL_Group_4/stationery_pencil_stationery_pencil_0005.JPG,stationery_pencil,color:red;material:wooden;condition:used;size:small,a used small red wooden pencil,stationery_pencil_0005,
DL_Group_4/stationery_pin_stationery_pin_0001.JPG,stationery_pin,color:yellow;material:plastic;condition:new;size:small,a new yellow plastic stationery pin of small size,stationery_pin_0001,
DL_Group_4/stationery_pin_stationery_pin_0002.JPG,stationery_pin,color:yellow;material:plastic;condition:new;size:small,a new yellow plastic stationery pin of small size,stationery_pin_0002,
DL_Group_4/stationery_pin_stationery_pin_0003.JPG,stationery_pin,color:yellow;material:plastic;condition:new;size:small,a new yellow plastic stationery pin of small size,stationery_pin_0003,
DL_Group_4/stationery_pin_stationery_pin_0004.JPG,stationery_pin,color:yellow;material:plastic;condition:new;size:small,a new yellow plastic stationery pin of small size,stationery_pin_0004,
DL_Group_4/stationery_pin_stationery_pin_0005.JPG,stationery_pin,color:yellow;material:plastic;condition:new;size:small,a new yellow plastic stationery pin of small size,stationery_pin_0005,
DL_Group_4/stationery_protractor_stationery_protractor_0001.JPG,stationery_protractor,color:black;material:metal;condition:new;size:small,a new small black metal protractor with plain pattern,stationery_protractor_0001,
DL_Group_4/stationery_protractor_stationery_protractor_0002.JPG,stationery_protractor,color:black;material:metal;condition:new;size:small,a new small black metal protractor with plain pattern,stationery_protractor_0002,
DL_Group_4/stationery_protractor_stationery_protractor_0003.JPG,stationery_protractor,color:black;material:metal;condition:new;size:small,a new small black metal protractor with plain pattern,stationery_protractor_0003,
DL_Group_4/stationery_protractor_stationery_protractor_0004.JPG,stationery_protractor,color:black;material:metal;condition:new;size:small,a new small black metal protractor with plain pattern,stationery_protractor_0004,
DL_Group_4/stationery_protractor_stationery_protractor_0005.JPG,stationery_protractor,color:black;material:metal;condition:new;size:small,a new small black metal protractor with plain pattern,stationery_protractor_0005,
DL_Group_4/stationery_ruler_stationery_ruler_0001.JPG,stationery_ruler,color:black;material:metal;condition:new;size:small,a new small black metal ruler with plain pattern,stationery_ruler_0001,
DL_Group_4/stationery_ruler_stationery_ruler_0002.JPG,stationery_ruler,color:black;material:metal;condition:new;size:small,a new small black metal ruler with plain pattern,stationery_ruler_0002,
DL_Group_4/stationery_ruler_stationery_ruler_0003.JPG,stationery_ruler,color:black;material:metal;condition:new;size:small,a new small black metal ruler with plain pattern,stationery_ruler_0003,
DL_Group_4/stationery_ruler_stationery_ruler_0004.JPG,stationery_ruler,color:black;material:metal;condition:new;size:small,a new small black metal ruler with plain pattern,stationery_ruler_0004,
DL_Group_4/stationery_ruler_stationery_ruler_0005.JPG,stationery_ruler,color:black;material:metal;condition:new;size:small,a new small black metal ruler with plain pattern,stationery_ruler_0005,
DL_Group_4/stationery_scissors_stationery_scissors_0001.JPG,stationery_scissors,color:black;material:metal;condition:new;size:small,a new small black metal scissors,stationery_scissors_0001,
DL_Group_4/stationery_scissors_stationery_scissors_0002.JPG,stationery_scissors,color:black;material:metal;condition:new;size:small,a new small black metal scissors,stationery_scissors_0002,
DL_Group_4/stationery_scissors_stationery_scissors_0003.JPG,stationery_scissors,color:black;material:metal;condition:new;size:small,a new small black metal scissors,stationery_scissors_0003,
DL_Group_4/stationery_scissors_stationery_scissors_0004.JPG,stationery_scissors,color:black;material:metal;condition:new;size:small,a new small black metal scissors,stationery_scissors_0004,
DL_Group_4/stationery_scissors_stationery_scissors_0005.JPG,stationery_scissors,color:black;material:metal;condition:new;size:small,a new small black metal scissors,stationery_scissors_0005,
DL_Group_4/stationery_set45_stationery_set45_0001.JPG,stationery_set45,color:blue;material:plastic;condition:new;size:small,a new small blue plastic stationery set,stationery_set45_0001,
DL_Group_4/stationery_set45_stationery_set45_0002.JPG,stationery_set45,color:blue;material:plastic;condition:new;size:small,a new small blue plastic stationery set,stationery_set45_0002,
DL_Group_4/stationery_set45_stationery_set45_0003.JPG,stationery_set45,color:blue;material:plastic;condition:new;size:small,a new small blue plastic stationery set,stationery_set45_0003,
DL_Group_4/stationery_set45_stationery_set45_0004.JPG,stationery_set45,color:blue;material:plastic;condition:new;size:small,a new small blue plastic stationery set,stationery_set45_0004,
DL_Group_4/stationery_set45_stationery_set45_0005.JPG,stationery_set45,color:blue;material:plastic;condition:new;size:small,a new small blue plastic stationery set,stationery_set45_0005,
DL_Group_4/stationery_set60_stationery_set60_0001.JPG,stationery_set60,color:blue;material:plastic;condition:new;size:small,a new small blue plastic stationery set,stationery_set60_0001,
DL_Group_4/stationery_set60_stationery_set60_0002.JPG,stationery_set60,color:blue;material:plastic;condition:new;size:small,a new small blue plastic stationery set,stationery_set60_0002,
DL_Group_4/stationery_set60_stationery_set60_0003.JPG,stationery_set60,color:blue;material:plastic;condition:new;size:small,a new small blue plastic stationery set,stationery_set60_0003,
DL_Group_4/stationery_set60_stationery_set60_0004.JPG,stationery_set60,color:blue;material:plastic;condition:new;size:small,a new small blue plastic stationery set,stationery_set60_0004,
DL_Group_4/stationery_set60_stationery_set60_0005.JPG,stationery_set60,color:blue;material:plastic;condition:new;size:small,a new small blue plastic stationery set,stationery_set60_0005,
DL_Group_4/stationery_tape_stationery_tape_0001.JPG,stationery_tape,color:white;material:plastic;condition:new;size:small,a new white plastic tape with small size,stationery_tape_0001,
DL_Group_4/stationery_tape_stationery_tape_0002.JPG,stationery_tape,color:white;material:plastic;condition:new;size:small,a new white plastic tape with small size,stationery_tape_0002,
DL_Group_4/stationery_tape_stationery_tape_0003.JPG,stationery_tape,color:white;material:plastic;condition:new;size:small,a new white plastic tape with small size,stationery_tape_0003,
DL_Group_4/stationery_tape_stationery_tape_0004.JPG,stationery_tape,color:white;material:plastic;condition:new;size:small,a new white plastic tape with small size,stationery_tape_0004,
DL_Group_4/stationery_tape_stationery_tape_0005.JPG,stationery_tape,color:white;material:plastic;condition:new;size:small,a new white plastic tape with small size,stationery_tape_0005,
DL_Group_4/tableware_bowl_tableware_bowl_0001.jpg,tableware_bowl,color:silver;material:metal;condition:used;size:small,a used small silver metal bowl,tableware_bowl_0001,
DL_Group_4/tableware_bowl_tableware_bowl_0002.jpg,tableware_bowl,color:silver;material:metal;condition:used;size:small,a used small silver metal bowl,tableware_bowl_0002,
DL_Group_4/tableware_bowl_tableware_bowl_0003.jpg,tableware_bowl,color:silver;material:metal;condition:used;size:small,a used small silver metal bowl,tableware_bowl_0003,
DL_Group_4/tableware_bowl_tableware_bowl_0004.jpg,tableware_bowl,color:silver;material:metal;condition:used;size:small,a used small silver metal bowl,tableware_bowl_0004,
DL_Group_4/tableware_bowl_tableware_bowl_0005.jpg,tableware_bowl,color:silver;material:metal;condition:used;size:small,a used small silver metal bowl,tableware_bowl_0005,
DL_Group_4/tableware_Chopstick_tableware_chopstick_0001.jpg,tableware_chopstick,color:black;material:plastic;condition:used;size:small,a used small black plastic chopstick,tableware_chopstick_0001,
DL_Group_4/tableware_Chopstick_tableware_chopstick_0002.jpg,tableware_chopstick,color:black;material:plastic;condition:used;size:small,a used small black plastic chopstick,tableware_chopstick_0002,
DL_Group_4/tableware_Chopstick_tableware_chopstick_0003.jpg,tableware_chopstick,color:black;material:plastic;condition:used;size:small,a used small black plastic chopstick,tableware_chopstick_0003,
DL_Group_4/tableware_Chopstick_tableware_chopstick_0004.jpg,tableware_chopstick,color:black;material:plastic;condition:used;size:small,a used small black plastic chopstick,tableware_chopstick_0004,
DL_Group_4/tableware_Chopstick_tableware_chopstick_0005.jpg,tableware_chopstick,color:black;material:plastic;condition:used;size:small,a used small black plastic chopstick,tableware_chopstick_0005,
DL_Group_4/tableware_cup_tableware_cup_0001.jpg,tableware_cup,color:white;material:ceramic;condition:new;size:small,a new white ceramic small cup,tableware_cup_0001,
DL_Group_4/tableware_cup_tableware_cup_0002.jpg,tableware_cup,color:white;material:ceramic;condition:new;size:small,a new white ceramic small cup,tableware_cup_0002,
DL_Group_4/tableware_cup_tableware_cup_0003.jpg,tableware_cup,color:white;material:ceramic;condition:new;size:small,a new white ceramic small cup,tableware_cup_0003,
DL_Group_4/tableware_cup_tableware_cup_0004.jpg,tableware_cup,color:white;material:ceramic;condition:new;size:small,a new white ceramic small cup,tableware_cup_0004,
DL_Group_4/tableware_cup_tableware_cup_0005.jpg,tableware_cup,color:white;material:ceramic;condition:new;size:small,a new white ceramic small cup,tableware_cup_0005,
DL_Group_4/tableware_fork_tableware_fork_0001.jpg,tableware_fork,color:silver;material:metal;condition:used;size:small,a used small silver metal fork,tableware_fork_0001,
DL_Group_4/tableware_fork_tableware_fork_0002.jpg,tableware_fork,color:silver;material:metal;condition:used;size:small,a used small silver metal fork,tableware_fork_0002,
DL_Group_4/tableware_fork_tableware_fork_0003.jpg,tableware_fork,color:silver;material:metal;condition:used;size:small,a used small silver metal fork,tableware_fork_0003,
DL_Group_4/tableware_fork_tableware_fork_0004.jpg,tableware_fork,color:silver;material:metal;condition:used;size:small,a used small silver metal fork,tableware_fork_0004,
DL_Group_4/tableware_fork_tableware_fork_0005.jpg,tableware_fork,color:silver;material:metal;condition:used;size:small,a used small silver metal fork,tableware_fork_0005,
DL_Group_4/tableware_glass_tableware_glass_0001.jpg,tableware_glass,color:silver;material:metal;condition:used;size:small,a used small silver metal glass plate,tableware_glass_0001,
DL_Group_4/tableware_glass_tableware_glass_0002.jpg,tableware_glass,color:silver;material:metal;condition:used;size:small,a used small silver metal glass plate,tableware_glass_0002,
DL_Group_4/tableware_glass_tableware_glass_0003.jpg,tableware_glass,color:silver;material:metal;condition:used;size:small,a used small silver metal glass plate,tableware_glass_0003,
DL_Group_4/tableware_glass_tableware_glass_0004.jpg,tableware_glass,color:silver;material:metal;condition:used;size:small,a used small silver metal glass plate,tableware_glass_0004,
DL_Group_4/tableware_glass_tableware_glass_0005.jpg,tableware_glass,color:silver;material:metal;condition:used;size:small,a used small silver metal glass plate,tableware_glass_0005,
DL_Group_4/tableware_Kettle_tableware_kettle_0001.jpg,tableware_kettle,color:silver;material:metal;condition:new;size:medium,a new silver colored metal kettle of medium size,tableware_kettle_0001,
DL_Group_4/tableware_Kettle_tableware_kettle_0002.jpg,tableware_kettle,color:silver;material:metal;condition:new;size:medium,a new silver colored metal kettle of medium size,tableware_kettle_0002,
DL_Group_4/tableware_Kettle_tableware_kettle_0003.jpg,tableware_kettle,color:silver;material:metal;condition:new;size:medium,a new silver colored metal kettle of medium size,tableware_kettle_0003,
DL_Group_4/tableware_Kettle_tableware_kettle_0004.jpg,tableware_kettle,color:silver;material:metal;condition:new;size:medium,a new silver colored metal kettle of medium size,tableware_kettle_0004,
DL_Group_4/tableware_Kettle_tableware_kettle_0005.jpg,tableware_kettle,color:silver;material:metal;condition:new;size:medium,a new silver colored metal kettle of medium size,tableware_kettle_0005,
DL_Group_4/tableware_mug_tableware_mug_0001.jpg,tableware_mug,color:blue;material:ceramic;condition:used;size:small,a used small blue ceramic mug,tableware_mug_0001,
DL_Group_4/tableware_mug_tableware_mug_0002.jpg,tableware_mug,color:blue;material:ceramic;condition:used;size:small,a used small blue ceramic mug,tableware_mug_0002,
DL_Group_4/tableware_mug_tableware_mug_0003.jpg,tableware_mug,color:blue;material:ceramic;condition:used;size:small,a used small blue ceramic mug,tableware_mug_0003,
DL_Group_4/tableware_mug_tableware_mug_0004.jpg,tableware_mug,color:blue;material:ceramic;condition:used;size:small,a used small blue ceramic mug,tableware_mug_0004,
DL_Group_4/tableware_mug_tableware_mug_0005.jpg,tableware_mug,color:blue;material:ceramic;condition:used;size:small,a used small blue ceramic mug,tableware_mug_0005,
DL_Group_4/tableware_Plate_tableware_plate_0001.jpg,tableware_plate,color:silver;material:metal;condition:used;size:medium,a used medium silver metal plate,tableware_plate_0001,
DL_Group_4/tableware_Plate_tableware_plate_0002.jpg,tableware_plate,color:silver;material:metal;condition:used;size:medium,a used medium silver metal plate,tableware_plate_0002,
DL_Group_4/tableware_Plate_tableware_plate_0003.jpg,tableware_plate,color:silver;material:metal;condition:used;size:medium,a used medium silver metal plate,tableware_plate_0003,
DL_Group_4/tableware_Plate_tableware_plate_0004.jpg,tableware_plate,color:silver;material:metal;condition:used;size:medium,a used medium silver metal plate,tableware_plate_0004,
DL_Group_4/tableware_Plate_tableware_plate_0005.jpg,tableware_plate,color:silver;material:metal;condition:used;size:medium,a used medium silver metal plate,tableware_plate_0005,
DL_Group_4/tableware_rice_serving_spoon_tableware_rice_serving_spoon_0001.jpg,tableware_rice_serving_spoon,color:silver;material:metal;condition:used;size:small,a used small silver metal rice serving spoon,tableware_rice_serving_spoon_0001,
DL_Group_4/tableware_rice_serving_spoon_tableware_rice_serving_spoon_0002.jpg,tableware_rice_serving_spoon,color:silver;material:metal;condition:used;size:small,a used small silver metal rice serving spoon,tableware_rice_serving_spoon_0002,
DL_Group_4/tableware_rice_serving_spoon_tableware_rice_serving_spoon_0003.jpg,tableware_rice_serving_spoon,color:silver;material:metal;condition:used;size:small,a used small silver metal rice serving spoon,tableware_rice_serving_spoon_0003,
DL_Group_4/tableware_rice_serving_spoon_tableware_rice_serving_spoon_0004.jpg,tableware_rice_serving_spoon,color:silver;material:metal;condition:used;size:small,a used small silver metal rice serving spoon,tableware_rice_serving_spoon_0004,
DL_Group_4/tableware_rice_serving_spoon_tableware_rice_serving_spoon_0005.jpg,tableware_rice_serving_spoon,color:silver;material:metal;condition:used;size:small,a used small silver metal rice serving spoon,tableware_rice_serving_spoon_0005,
DL_Group_4/tableware_serving_spoon_tableware_serving_spoon_0001.jpg,tableware_serving_spoon,color:silver;material:metal;condition:used;size:small,a used small silver metal serving spoon,tableware_serving_spoon_0001,
DL_Group_4/tableware_serving_spoon_tableware_serving_spoon_0002.jpg,tableware_serving_spoon,color:silver;material:metal;condition:used;size:small,a used small silver metal serving spoon,tableware_serving_spoon_0002,
DL_Group_4/tableware_serving_spoon_tableware_serving_spoon_0003.jpg,tableware_serving_spoon,color:silver;material:metal;condition:used;size:small,a used small silver metal serving spoon,tableware_serving_spoon_0003,
DL_Group_4/tableware_serving_spoon_tableware_serving_spoon_0004.jpg,tableware_serving_spoon,color:silver;material:metal;condition:used;size:small,a used small silver metal serving spoon,tableware_serving_spoon_0004,
DL_Group_4/tableware_serving_spoon_tableware_serving_spoon_0005.jpg,tableware_serving_spoon,color:silver;material:metal;condition:used;size:small,a used small silver metal serving spoon,tableware_serving_spoon_0005,
DL_Group_4/tableware_table spoon_tableware_table_spoon_0001.jpg,tableware_table_spoon,color:silver;material:metal;condition:used;size:small,a used small silver metal table spoon,tableware_table_spoon_0001,
DL_Group_4/tableware_table spoon_tableware_table_spoon_0002.jpg,tableware_table_spoon,color:silver;material:metal;condition:used;size:small,a used small silver metal table spoon,tableware_table_spoon_0002,
DL_Group_4/tableware_table spoon_tableware_table_spoon_0003.jpg,tableware_table_spoon,color:silver;material:metal;condition:used;size:small,a used small silver metal table spoon,tableware_table_spoon_0003,
DL_Group_4/tableware_table spoon_tableware_table_spoon_0004.jpg,tableware_table_spoon,color:silver;material:metal;condition:used;size:small,a used small silver metal table spoon,tableware_table_spoon_0004,
DL_Group_4/tableware_table spoon_tableware_table_spoon_0005.jpg,tableware_table_spoon,color:silver;material:metal;condition:used;size:small,a used small silver metal table spoon,tableware_table_spoon_0005,
DL_Group_4/tableware_Tea_spoon_tableware_tea_spoon_0001.jpg,tableware_tea_spoon,color:silver;material:metal;condition:used;size:small,a used small silver metal tea spoon,tableware_tea_spoon_0001,
DL_Group_4/tableware_Tea_spoon_tableware_tea_spoon_0002.jpg,tableware_tea_spoon,color:silver;material:metal;condition:used;size:small,a used small silver metal tea spoon,tableware_tea_spoon_0002,
DL_Group_4/tableware_Tea_spoon_tableware_tea_spoon_0003.jpg,tableware_tea_spoon,color:silver;material:metal;condition:used;size:small,a used small silver metal tea spoon,tableware_tea_spoon_0003,
DL_Group_4/tableware_Tea_spoon_tableware_tea_spoon_0004.jpg,tableware_tea_spoon,color:silver;material:metal;condition:used;size:small,a used small silver metal tea spoon,tableware_tea_spoon_0004,
DL_Group_4/tableware_Tea_spoon_tableware_tea_spoon_0005.jpg,tableware_tea_spoon,color:silver;material:metal;condition:used;size:small,a used small silver metal tea spoon,tableware_tea_spoon_0005,
DL_Group_4/tableware_Thali_tableware_thali_0001.jpg,tableware_thali,color:silver;material:metal;condition:used;size:medium,a used medium silver metal thali,tableware_thali_0001,
DL_Group_4/tableware_Thali_tableware_thali_0002.jpg,tableware_thali,color:silver;material:metal;condition:used;size:medium,a used medium silver metal thali,tableware_thali_0002,
DL_Group_4/tableware_Thali_tableware_thali_0003.jpg,tableware_thali,color:silver;material:metal;condition:used;size:medium,a used medium silver metal thali,tableware_thali_0003,
DL_Group_4/tableware_Thali_tableware_thali_0004.jpg,tableware_thali,color:silver;material:metal;condition:used;size:medium,a used medium silver metal thali,tableware_thali_0004,
DL_Group_4/tableware_Thali_tableware_thali_0005.jpg,tableware_thali,color:silver;material:metal;condition:used;size:medium,a used medium silver metal thali,tableware_thali_0005,
DL_Group_4/tableware_water_bottle_tableware_water_bottle_0001.jpg,tableware_water_bottle,color:silver;material:metal;condition:used;size:large,a used large silver metal water bottle,tableware_water_bottle_0001,
DL_Group_4/tableware_water_bottle_tableware_water_bottle_0002.jpg,tableware_water_bottle,color:silver;material:metal;condition:used;size:large,a used large silver metal water bottle,tableware_water_bottle_0002,
DL_Group_4/tableware_water_bottle_tableware_water_bottle_0003.jpg,tableware_water_bottle,color:silver;material:metal;condition:used;size:large,a used large silver metal water bottle,tableware_water_bottle_0003,
DL_Group_4/tableware_water_bottle_tableware_water_bottle_0004.jpg,tableware_water_bottle,color:silver;material:metal;condition:used;size:large,a used large silver metal water bottle,tableware_water_bottle_0004,
DL_Group_4/tableware_water_bottle_tableware_water_bottle_0005.jpg,tableware_water_bottle,color:silver;material:metal;condition:used;size:large,a used large silver metal water bottle,tableware_water_bottle_0005,
DL_Group_4/Travel_Accessory_bag_travel_accessory_bag_0001.jpg,travel_accessory_bag,color:black;material:plastic;condition:used;size:small,a used small black plastic travel bag,travel_accessory_bag_0001,
DL_Group_4/Travel_Accessory_bag_travel_accessory_bag_0002.jpg,travel_accessory_bag,color:black;material:plastic;condition:used;size:small,a used small black plastic travel bag,travel_accessory_bag_0002,
DL_Group_4/Travel_Accessory_bag_travel_accessory_bag_0003.jpg,travel_accessory_bag,color:black;material:plastic;condition:used;size:small,a used small black plastic travel bag,travel_accessory_bag_0003,
DL_Group_4/Travel_Accessory_bag_travel_accessory_bag_0004.jpg,travel_accessory_bag,color:black;material:plastic;condition:used;size:small,a used small black plastic travel bag,travel_accessory_bag_0004,
DL_Group_4/Travel_Accessory_bag_travel_accessory_bag_0005.jpg,travel_accessory_bag,color:black;material:plastic;condition:used;size:small,a used small black plastic travel bag,travel_accessory_bag_0005,
DL_Group_4/Travel_Black_Backpack_travel_black_backpack_0001.jpg,travel_black_backpack,color:black;material:leather;condition:used;size:medium,a used medium black leather travel backpack,travel_black_backpack_0001,
DL_Group_4/Travel_Black_Backpack_travel_black_backpack_0002.jpg,travel_black_backpack,color:black;material:leather;condition:used;size:medium,a used medium black leather travel backpack,travel_black_backpack_0002,
DL_Group_4/Travel_Black_Backpack_travel_black_backpack_0003.jpg,travel_black_backpack,color:black;material:leather;condition:used;size:medium,a used medium black leather travel backpack,travel_black_backpack_0003,
DL_Group_4/Travel_Black_Backpack_travel_black_backpack_0004.jpg,travel_black_backpack,color:black;material:leather;condition:used;size:medium,a used medium black leather travel backpack,travel_black_backpack_0004,
DL_Group_4/Travel_Black_Backpack_travel_black_backpack_0005.jpg,travel_black_backpack,color:black;material:leather;condition:used;size:medium,a used medium black leather travel backpack,travel_black_backpack_0005,
DL_Group_4/Travel_Blue_Backpack_travel_blue_backpack_0001.jpg,travel_blue_backpack,color:blue;material:leather;condition:used;size:medium,a used medium blue leather travel backpack,travel_blue_backpack_0001,
DL_Group_4/Travel_Blue_Backpack_travel_blue_backpack_0002.jpg,travel_blue_backpack,color:blue;material:leather;condition:used;size:medium,a used medium blue leather travel backpack,travel_blue_backpack_0002,
DL_Group_4/Travel_Blue_Backpack_travel_blue_backpack_0003.jpg,travel_blue_backpack,color:blue;material:leather;condition:used;size:medium,a used medium blue leather travel backpack,travel_blue_backpack_0003,
DL_Group_4/Travel_Blue_Backpack_travel_blue_backpack_0004.jpg,travel_blue_backpack,color:blue;material:leather;condition:used;size:medium,a used medium blue leather travel backpack,travel_blue_backpack_0004,
DL_Group_4/Travel_Blue_Backpack_travel_blue_backpack_0005.jpg,travel_blue_backpack,color:blue;material:leather;condition:used;size:medium,a used medium blue leather travel backpack,travel_blue_backpack_0005,
DL_Group_4/Travel_Cabin_bag_travel_cabin_bag_0001.jpg,travel_cabin_bag,color:brown;material:synthetic;condition:used;size:medium,a used medium brown synthetic travel bag,travel_cabin_bag_0001,
DL_Group_4/Travel_Cabin_bag_travel_cabin_bag_0002.jpg,travel_cabin_bag,color:brown;material:synthetic;condition:used;size:medium,a used medium brown synthetic travel bag,travel_cabin_bag_0002,
DL_Group_4/Travel_Cabin_bag_travel_cabin_bag_0003.jpg,travel_cabin_bag,color:brown;material:synthetic;condition:used;size:medium,a used medium brown synthetic travel bag,travel_cabin_bag_0003,
DL_Group_4/Travel_Cabin_bag_travel_cabin_bag_0004.jpg,travel_cabin_bag,color:brown;material:synthetic;condition:used;size:medium,a used medium brown synthetic travel bag,travel_cabin_bag_0004,
DL_Group_4/Travel_Cabin_bag_travel_cabin_bag_0005.jpg,travel_cabin_bag,color:brown;material:synthetic;condition:used;size:medium,a used medium brown synthetic travel bag,travel_cabin_bag_0005,
DL_Group_4/Travel_Glasses_Case_travel_glasses_case_0001.jpg,travel_glasses_case,color:blue;material:plastic;condition:used;size:small,a used small blue plastic travel glasses case,travel_glasses_case_0001,
DL_Group_4/Travel_Glasses_Case_travel_glasses_case_0002.jpg,travel_glasses_case,color:blue;material:plastic;condition:used;size:small,a used small blue plastic travel glasses case,travel_glasses_case_0002,
DL_Group_4/Travel_Glasses_Case_travel_glasses_case_0003.jpg,travel_glasses_case,color:blue;material:plastic;condition:used;size:small,a used small blue plastic travel glasses case,travel_glasses_case_0003,
DL_Group_4/Travel_Glasses_Case_travel_glasses_case_0004.jpg,travel_glasses_case,color:blue;material:plastic;condition:used;size:small,a used small blue plastic travel glasses case,travel_glasses_case_0004,
DL_Group_4/Travel_Glasses_Case_travel_glasses_case_0005.jpg,travel_glasses_case,color:blue;material:plastic;condition:used;size:small,a used small blue plastic travel glasses case,travel_glasses_case_0005,
DL_Group_4/Travel_Handbag_travel_handbag_0001.jpg,travel_handbag,color:brown;material:synthetic;condition:used;size:medium,a used medium brown synthetic travel handbag,travel_handbag_0001,
DL_Group_4/Travel_Handbag_travel_handbag_0002.jpg,travel_handbag,color:brown;material:synthetic;condition:used;size:medium,a used medium brown synthetic travel handbag,travel_handbag_0002,
DL_Group_4/Travel_Handbag_travel_handbag_0003.jpg,travel_handbag,color:brown;material:synthetic;condition:used;size:medium,a used medium brown synthetic travel handbag,travel_handbag_0003,
DL_Group_4/Travel_Handbag_travel_handbag_0004.jpg,travel_handbag,color:brown;material:synthetic;condition:used;size:medium,a used medium brown synthetic travel handbag,travel_handbag_0004,
DL_Group_4/Travel_Handbag_travel_handbag_0005.jpg,travel_handbag,color:brown;material:synthetic;condition:used;size:medium,a used medium brown synthetic travel handbag,travel_handbag_0005,
DL_Group_4/Travel_Laptop_bag_travel_laptop_bag_0001.jpg,travel_laptop_bag,color:black;material:leather;condition:used;size:medium,a used medium black leather travel laptop bag,travel_laptop_bag_0001,
DL_Group_4/Travel_Laptop_bag_travel_laptop_bag_0002.jpg,travel_laptop_bag,color:black;material:leather;condition:used;size:medium,a used medium black leather travel laptop bag,travel_laptop_bag_0002,
DL_Group_4/Travel_Laptop_bag_travel_laptop_bag_0003.jpg,travel_laptop_bag,color:black;material:leather;condition:used;size:medium,a used medium black leather travel laptop bag,travel_laptop_bag_0003,
DL_Group_4/Travel_Laptop_bag_travel_laptop_bag_0004.jpg,travel_laptop_bag,color:black;material:leather;condition:used;size:medium,a used medium black leather travel laptop bag,travel_laptop_bag_0004,
DL_Group_4/Travel_Laptop_bag_travel_laptop_bag_0005.jpg,travel_laptop_bag,color:black;material:leather;condition:used;size:medium,a used medium black leather travel laptop bag,travel_laptop_bag_0005,
DL_Group_4/Travel_Laptop_Case_travel_laptop_case_0001.jpg,travel_laptop_case,color:black;material:cotton;condition:used;size:medium,a used medium black cotton laptop case,travel_laptop_case_0001,
DL_Group_4/Travel_Laptop_Case_travel_laptop_case_0002.jpg,travel_laptop_case,color:black;material:cotton;condition:used;size:medium,a used medium black cotton laptop case,travel_laptop_case_0002,
DL_Group_4/Travel_Laptop_Case_travel_laptop_case_0003.jpg,travel_laptop_case,color:black;material:cotton;condition:used;size:medium,a used medium black cotton laptop case,travel_laptop_case_0003,
DL_Group_4/Travel_Laptop_Case_travel_laptop_case_0004.jpg,travel_laptop_case,color:black;material:cotton;condition:used;size:medium,a used medium black cotton laptop case,travel_laptop_case_0004,
DL_Group_4/Travel_Laptop_Case_travel_laptop_case_0005.jpg,travel_laptop_case,color:black;material:cotton;condition:used;size:medium,a used medium black cotton laptop case,travel_laptop_case_0005,
DL_Group_4/Travel_Suit_Cover_travel_suit_cover_0001.jpg,travel_suit_cover,color:black;material:cloth;condition:used;size:medium,a used black cloth travel suit cover in medium size,travel_suit_cover_0001,
DL_Group_4/Travel_Suit_Cover_travel_suit_cover_0002.jpg,travel_suit_cover,color:black;material:cloth;condition:used;size:medium,a used black cloth travel suit cover in medium size,travel_suit_cover_0002,
DL_Group_4/Travel_Suit_Cover_travel_suit_cover_0003.jpg,travel_suit_cover,color:black;material:cloth;condition:used;size:medium,a used black cloth travel suit cover in medium size,travel_suit_cover_0003,
DL_Group_4/Travel_Suit_Cover_travel_suit_cover_0004.jpg,travel_suit_cover,color:black;material:cloth;condition:used;size:medium,a used black cloth travel suit cover in medium size,travel_suit_cover_0004,
DL_Group_4/Travel_Suit_Cover_travel_suit_cover_0005.jpg,travel_suit_cover,color:black;material:cloth;condition:used;size:medium,a used black cloth travel suit cover in medium size,travel_suit_cover_0005,
DL_Group_4/Travel_Sunglasaes_travel_sunglasaes_0001.jpg,travel_sunglasaes,color:brown;material:glass;condition:used;size:small,a used small brown glass travel sunglasses,travel_sunglasaes_0001,
DL_Group_4/Travel_Sunglasaes_travel_sunglasaes_0002.jpg,travel_sunglasaes,color:brown;material:glass;condition:used;size:small,a used small brown glass travel sunglasses,travel_sunglasaes_0002,
DL_Group_4/Travel_Sunglasaes_travel_sunglasaes_0003.jpg,travel_sunglasaes,color:brown;material:glass;condition:used;size:small,a used small brown glass travel sunglasses,travel_sunglasaes_0003,
DL_Group_4/Travel_Sunglasaes_travel_sunglasaes_0004.jpg,travel_sunglasaes,color:brown;material:glass;condition:used;size:small,a used small brown glass travel sunglasses,travel_sunglasaes_0004,
DL_Group_4/Travel_Sunglasaes_travel_sunglasaes_0005.jpg,travel_sunglasaes,color:brown;material:glass;condition:used;size:small,a used small brown glass travel sunglasses,travel_sunglasaes_0005,
DL_Group_4/Travel_Trolley_bag_travel_trolley_bag_0001.jpg,travel_trolley_bag,color:grey;material:polyester;condition:used;size:large,a used large grey polyester travel trolley bag,travel_trolley_bag_0001,
DL_Group_4/Travel_Trolley_bag_travel_trolley_bag_0002.jpg,travel_trolley_bag,color:grey;material:polyester;condition:used;size:large,a used large grey polyester travel trolley bag,travel_trolley_bag_0002,
DL_Group_4/Travel_Trolley_bag_travel_trolley_bag_0003.jpg,travel_trolley_bag,color:grey;material:polyester;condition:used;size:large,a used large grey polyester travel trolley bag,travel_trolley_bag_0003,
DL_Group_4/Travel_Trolley_bag_travel_trolley_bag_0004.jpg,travel_trolley_bag,color:grey;material:polyester;condition:used;size:large,a used large grey polyester travel trolley bag,travel_trolley_bag_0004,
DL_Group_4/Travel_Trolley_bag_travel_trolley_bag_0005.jpg,travel_trolley_bag,color:grey;material:polyester;condition:used;size:large,a used large grey polyester travel trolley bag,travel_trolley_bag_0005,
DL_Group_4/Travel_Umbrella_travel_umbrella_0001.jpg,travel_umbrella,color:black;material:fabric;condition:used;size:medium,a used medium black fabric travel umbrella,travel_umbrella_0001,
DL_Group_4/Travel_Umbrella_travel_umbrella_0002.jpg,travel_umbrella,color:black;material:fabric;condition:used;size:medium,a used medium black fabric travel umbrella,travel_umbrella_0002,
DL_Group_4/Travel_Umbrella_travel_umbrella_0003.jpg,travel_umbrella,color:black;material:fabric;condition:used;size:medium,a used medium black fabric travel umbrella,travel_umbrella_0003,
DL_Group_4/Travel_Umbrella_travel_umbrella_0004.jpg,travel_umbrella,color:black;material:fabric;condition:used;size:medium,a used medium black fabric travel umbrella,travel_umbrella_0004,
DL_Group_4/Travel_Umbrella_travel_umbrella_0005.jpg,travel_umbrella,color:black;material:fabric;condition:used;size:medium,a used medium black fabric travel umbrella,travel_umbrella_0005,
